category,source_path,frozen_path,bytes,sha256
inputs,data/factors_point_in_time.csv,inputs/data/factors_point_in_time.csv,25706,ab8f9c58a971461644cf54f14f21e246079a582b240a588362e2409267172739
inputs,data/fred_cache/BAMLH0A0HYM2.csv,inputs/data/fred_cache/BAMLH0A0HYM2.csv,12718,6443c13daa383c255b8bb968c558872241848cad51faa02447c8600f9ee9666d
inputs,data/fred_cache/CPIAUCSL.csv,inputs/data/fred_cache/CPIAUCSL.csv,17725,5a102ceb6a4c5fe5a2e0319d6feca89b55dde6199e51de0760f42791a949cdaa
inputs,data/fred_cache/DBAA.csv,inputs/data/fred_cache/DBAA.csv,169083,19db9efac0aa42fe8816f8a8b8ff02ed3b0114a649481fc8a91e1cd0cd487257
inputs,data/fred_cache/DCOILWTICO.csv,inputs/data/fred_cache/DCOILWTICO.csv,178915,bee573421e8b244f41451a37b04f8c9fbaf6d421fc10e130c0c180ffc27576a8
inputs,data/fred_cache/DGS10.csv,inputs/data/fred_cache/DGS10.csv,268427,69e5371a8996b269944fbb7b4a55837ea05068c52366aff9bf5b079340a71a34
inputs,data/fred_cache/DGS2.csv,inputs/data/fred_cache/DGS2.csv,208600,4b021175fcc05eb25c06ed8fa1feee934958836ed527e7524d8ed0fb351032e9
inputs,data/fred_cache/ICSA.csv,inputs/data/fred_cache/ICSA.csv,56040,97111a0992eea96fbf32028f107e36104a51f603813b576ee2a69e981b3dbccd
inputs,data/fred_cache/INDPRO.csv,inputs/data/fred_cache/INDPRO.csv,24420,e9668b9b92c9ea1904162e580d0e3e32e05f84efb213563ded6c322042b5ad22
inputs,data/fred_cache/M2SL.csv,inputs/data/fred_cache/M2SL.csv,14569,706397d1a68380f9bfedc61f71addba6fd4848bd19d6ba72aeb075c07415b4d5
inputs,data/fred_cache/NFCI.csv,inputs/data/fred_cache/NFCI.csv,51403,95c472d2723beff4301ed0f401d6478ff2e7448f19a310209a05f4e6b8271ee4
inputs,data/fred_cache/PAYEMS.csv,inputs/data/fred_cache/PAYEMS.csv,18369,5d8f5b4f09b0179ba6901dedf2cc2a9aad084a1ce4220be27b07abbb0460d17f
inputs,data/fred_cache/RRPONTSYD.csv,inputs/data/fred_cache/RRPONTSYD.csv,94833,2ba46a3a91bbe8c53f4715999328af9874df27f0f65432479c175e93af23eb96
inputs,data/fred_cache/T5YIE.csv,inputs/data/fred_cache/T5YIE.csv,97724,5cd52c4dc108382e5c77f3b622a8c393644e863f625a2756e84b51d5094519e1
inputs,data/fred_cache/TB3MS.csv,inputs/data/fred_cache/TB3MS.csv,17833,a44dc72332a838dac7a9f1fc0731e4927a7b3217431b3e012bd88dff4b6986fa
inputs,data/fred_cache/WALCL.csv,inputs/data/fred_cache/WALCL.csv,23206,99b4e038ea36e7e8672450ad7f44cbdf5d9d8040f44937c9e1873b2d2f6aa5f8
inputs,data/fred_cache/WTREGEN.csv,inputs/data/fred_cache/WTREGEN.csv,21404,673329e7e2acf713ff2b8897fdc2cc767b7704b73b0b87424a24398b0e4e5c0c
inputs,data/fred_cache/yahoo_daily.csv,inputs/data/fred_cache/yahoo_daily.csv,4205323,ed1990cd28e157773815d53874c9463852041f5040f3ccfcd1bd5138ded45424
inputs,data/fred_cache/yahoo_extension.csv,inputs/data/fred_cache/yahoo_extension.csv,248605,d1a7112503b15ffc9da6b28c4bd41879d6bdc4cd0bd2d497f0828f9056352c62
inputs,data/macro_seasons_extended_price_audit.csv,inputs/data/macro_seasons_extended_price_audit.csv,407,df4d812fce4b387c82a23b365bb08078347686b31e0635eb67d3fb6531b4e4f4
inputs,data/macro_seasons_v4_data_audit.csv,inputs/data/macro_seasons_v4_data_audit.csv,8722,15bdcfaa7881c794d6b97c9da59846d7d67adef55a834c080277f4554b6aba43
inputs,data/macro_vintage_audit.csv,inputs/data/macro_vintage_audit.csv,425,466164d7b0d64663a75eb7c11a85233f76a9c722bf0b61b5c97bc6180df7bec5
inputs,data/prices_macro_seasons_extended.csv,inputs/data/prices_macro_seasons_extended.csv,223433,2436b15ee66cf5f6b6e8e491d19d4a3e9c296733973990bb4bb6f48221bcc842
inputs,data/vintages/CPIAUCSL_vintages.csv,inputs/data/vintages/CPIAUCSL_vintages.csv,151140,9a885c1037968e5222995ec6fe33b82aa1a01fe365257a33ba3b4b6b7c32d62d
inputs,data/vintages/INDPRO_vintages.csv,inputs/data/vintages/INDPRO_vintages.csv,1826539,6782e10aa85a4b82187b3891a1b4f6cd4dab218ef4df783f2352d8969baf6ac1
inputs,data/vintages/M2SL_vintages.csv,inputs/data/vintages/M2SL_vintages.csv,1287072,e83843c1bc6fd02c889561770b6bae4ab9ba6f82f19eab2110272788f0cd5934
inputs,data/vintages/PAYEMS_vintages.csv,inputs/data/vintages/PAYEMS_vintages.csv,636375,23101035257862181e3af676565b91b614de9f5a568d03c56a2f2a9066b5124b
metadata,generated,release_metadata.json,2161,2437f1da943b176494e6afa7bbaa442bbf75b091c8335d9f555d33915aea7918
outputs,exports/macro_seasons_v4_bl_views.csv,outputs/exports/macro_seasons_v4_bl_views.csv,1284,8e4eac5f112848c268eca35791f9f4b08124faa0bd04845b7e047b8d8f4876fd
outputs,exports/macro_seasons_v4_core_ledger.csv,outputs/exports/macro_seasons_v4_core_ledger.csv,104846,c3f67a7b4f6b9788206aeb1e0572c8a02ccd6ebf52ad145e81e2e2b556d06567
outputs,exports/macro_seasons_v4_current_allocation.csv,outputs/exports/macro_seasons_v4_current_allocation.csv,954,495132944b617e41f57b5d75b9353b955a36f145103d8a414c490f1fb8183553
outputs,exports/macro_seasons_v4_current_ensemble_state.csv,outputs/exports/macro_seasons_v4_current_ensemble_state.csv,243,37f3a5740557c1605a2287f239a1d2d4a16c4715c44d56e62a7a57031221269b
outputs,exports/macro_seasons_v4_ensemble_ledger.csv,outputs/exports/macro_seasons_v4_ensemble_ledger.csv,36925,2edf82c0f1422a08d9a45c43ac77d19677dfa7eda66522b5049e836298939bba
outputs,exports/macro_seasons_v4_long_only_ledger.csv,outputs/exports/macro_seasons_v4_long_only_ledger.csv,104565,ff62f7f277b9458d00a5ae9179809fc435b218d61f794f5a06a0fc0a9eb68a86
outputs,exports/macro_seasons_v4_long_only_weights.csv,outputs/exports/macro_seasons_v4_long_only_weights.csv,189895,d3217eda8ab8cac2fea2803511f2a3d93ba82bc6dff671d5968e54e94f15e5fe
outputs,exports/macro_seasons_v4_monitor.csv,outputs/exports/macro_seasons_v4_monitor.csv,391,da12b655f5ed0485c7f7622d30f340595dde53bd441f5cf31853284c6592038a
outputs,exports/macro_seasons_v4_onepager.pdf,outputs/exports/macro_seasons_v4_onepager.pdf,111173,64c0b6ef66936ae308c683d7b37d392dcbc4d3cbacc3d30b737c176d9c5b501d
outputs,exports/macro_seasons_v4_season_timeline.csv,outputs/exports/macro_seasons_v4_season_timeline.csv,77850,f6df94476bcf20f6c14762e6fb2ffaeddfa713f09b4b3bc44eca24602aaf1a66
outputs,exports/macro_seasons_v4_streams.csv,outputs/exports/macro_seasons_v4_streams.csv,24969,f5b120f8b470fade4b59dd735ca958957d3f11e5c3b59a5f1177a9a7bec4f05e
outputs,exports/macro_seasons_v4_summary.csv,outputs/exports/macro_seasons_v4_summary.csv,470,9b40d82c6d11083e6df6bccd04daf567e8177d76934da9009bfb4ba7fed546dc
outputs,exports/website/index.html,outputs/exports/website/index.html,101645,67086567d6142cb503eb98ceb7185318c305349b9de7a59f88f3d6ab91c94405
outputs,exports/website/macro_seasons_v4_onepager.pdf,outputs/exports/website/macro_seasons_v4_onepager.pdf,111173,64c0b6ef66936ae308c683d7b37d392dcbc4d3cbacc3d30b737c176d9c5b501d
source,MODEL_FREEZE_MACRO_SEASONS_V3.md,source/MODEL_FREEZE_MACRO_SEASONS_V3.md,4700,78a719882c20cc3e1f2f367cff2c15e2d8e2b71081eb9c1200ed0f8aba5a278a
source,make_website.py,source/make_website.py,27394,5d21d338eaad0abd4c4d4aab0fe222fb369f331421243cc6742bf16897698df1
source,refresh_macro_seasons_v4_data.py,source/refresh_macro_seasons_v4_data.py,1201,307950ecd6a6aaba720d648c61c971789e1b21f1e5b45bc80640ae9e5b263617
source,research/macro_seasons_v3.py,source/research/macro_seasons_v3.py,103248,545b4dd566f8f8c68f5d343325fca7bd9862277ffae38bac6ae7e960e70d6d85
source,research/macro_seasons_v4.py,source/research/macro_seasons_v4.py,21078,f92615e5727d8d971354affe08c7ea292b876dd0fcacde62b1f064c359d5228d
source,research/make_onepager.py,source/research/make_onepager.py,14314,cbd5b51d3185046bd1cd26b5e06c5eddfa98aadc88e496cd17e7762b78e4c3dd
source,run_macro_seasons_v3.py,source/run_macro_seasons_v3.py,10848,d04154b64d60174030e245ab6ee23875f594e3d180a16cfb0c71d01b5f41acb5
source,run_macro_seasons_v4.py,source/run_macro_seasons_v4.py,12902,d500641ae5d3c5fd80954b2bd2deb9624dd2e8f37e27cda90806b19fffb938fb
source,scripts/macro_monthly_update.command,source/scripts/macro_monthly_update.command,2119,6193c69b11d3ccf0d7cf87cb288ea9ca53bf00cfa2275391223c0d8c7207d017
source,tests/test_macro_seasons_v4.py,source/tests/test_macro_seasons_v4.py,4444,2834453a2a7d0439f885e6251bb9e65c571dd19584aa31e682ace16d4e05c8a1
