view_id,as_of,horizon_months,view_type,sleeve,assets,p_vector_json,p_l1_norm,q_expected_return,q_return_basis,q_units,confidence_score,omega,view_error_sd,q_over_view_sd,q_minus_1sd,q_plus_1sd,q_minus_2sd,q_plus_2sd,omega_method,omega_units,forecast_model,forecast_ids,forecast_error_std,validation_ic,validation_hit_rate,validation_spread,scenario_context_json,top_drivers_json,rationale_short,risks,status,model_status,approval_status,block_reason,block_rule,expiry_date,model_version,data_version,generated_at
20260430_6m_ACTIVE_IWM,2026-04-30,6,active,Style Factor,IWM vs ACWI,"{""ACWI"":-1.0,""IWM"":1.0}",2.0,-0.050629095939379684,active_return_vs_benchmark,decimal_6m_return,0.6673271528846535,0.00580730969541377,0.07620570644914834,-0.6643740777229618,-0.126834802388528,0.025576610509768657,-0.20304050883767638,0.101782316958917,forecast_error_var_divided_by_confidence,variance_of_decimal_6m_return,macro_ols_selected_plus_historical_mean,"[""20260430_6m_active_return_vs_benchmark_IWM""]",0.06225251356338887,0.6016535463276482,0.6052631578947368,0.04542879711102572,"{""modal_probability"":0.37112438019678445,""modal_scenario"":""Easing + Rate Cuts"",""scenario_confidence"":0.33779488090030274,""unknown_probability"":0.1987516880728099}","{""trend_3m_dollar"":-0.0049962060836427425,""trend_3m_liquidity"":0.0008560488524066417,""trend_6m_dollar"":-0.005733858039719526,""trend_6m_liquidity"":-0.013569902140110415,""trend_6m_oil"":-0.04008207253283035}","IWM is forecast to underperform ACWI by -5.1% over 6m; main drivers: trend_3m_dollar, trend_3m_liquidity, trend_6m_dollar.",Public proxy data uses latest revised vintage; macro features are lagged one month.,Blocked,Candidate,Not exportable,Benchmark ACWI_BENCH uses placeholder/sample weights,placeholder_benchmark,2026-05-31,bl_macro_views_v1,2026-04-30,2026-05-13T18:00:42+00:00
20260430_6m_ACTIVE_GLD,2026-04-30,6,active,Commodity,GLD vs DBC,"{""DBC"":-1.0,""GLD"":1.0}",2.0,0.09170577401228146,active_return_vs_benchmark,decimal_6m_return,0.6585060158059922,0.03170516281005636,0.1780594361724656,0.5150290037055754,-0.08635366216018416,0.2697652101847471,-0.26441309833264975,0.4478246463572127,forecast_error_var_divided_by_confidence,variance_of_decimal_6m_return,macro_ols_selected_plus_historical_mean,"[""20260430_6m_active_return_vs_benchmark_GLD""]",0.14449235427014998,0.6424837963004849,0.7631578947368421,0.20582627509229667,"{""modal_probability"":0.37112438019678445,""modal_scenario"":""Easing + Rate Cuts"",""scenario_confidence"":0.33779488090030274,""unknown_probability"":0.1987516880728099}","{""trend_3m_dollar"":-0.004560959730570494,""trend_3m_liquidity"":-0.000659441393709951,""trend_6m_dollar"":0.03269566387208163,""trend_6m_inflation"":0.011528933287523148,""trend_6m_liquidity"":0.02328351740097543}","GLD is forecast to outperform DBC by +9.2% over 6m; main drivers: trend_3m_dollar, trend_3m_liquidity, trend_6m_dollar.",Public proxy data uses latest revised vintage; macro features are lagged one month.,Blocked,Candidate,Not exportable,Benchmark DBC_BENCH uses placeholder/sample weights,placeholder_benchmark,2026-05-31,bl_macro_views_v1,2026-04-30,2026-05-13T18:00:42+00:00
20260430_6m_ACTIVE_HYG,2026-04-30,6,active,Asset Class,HYG vs GSMIF_SAMPLE_POLICY,"{""ACWI"":-0.45,""AGG"":-0.25,""BIL"":-0.05,""DBC"":-0.05,""EFA"":-0.05,""GLD"":-0.1,""HYG"":0.95}",1.9,-0.017223489866649254,active_return_vs_benchmark,decimal_6m_return,0.5686020124923153,0.0017354059720819683,0.04165820413894445,-0.413447728308282,-0.058881694005593704,0.024434714272295197,-0.10053989814453815,0.06609291841123965,forecast_error_var_divided_by_confidence,variance_of_decimal_6m_return,macro_ols_selected_plus_historical_mean,"[""20260430_6m_active_return_vs_benchmark_HYG""]",0.03141266190912496,0.3694433156494531,0.6842105263157895,0.025885086156012614,"{""modal_probability"":0.37112438019678445,""modal_scenario"":""Easing + Rate Cuts"",""scenario_confidence"":0.33779488090030274,""unknown_probability"":0.1987516880728099}","{""trend_3m_growth"":0.002746995395751516,""trend_3m_rates"":0.0018912445812538984,""trend_6m_growth"":0.0007795089362896531,""trend_6m_rates"":0.0010666025004829008,""trend_6m_risk"":-0.0015395131453497498}","HYG is forecast to underperform GSMIF_SAMPLE_POLICY by -1.7% over 6m; main drivers: trend_3m_growth, trend_3m_rates, trend_6m_growth.",Public proxy data uses latest revised vintage; macro features are lagged one month.,Blocked,Blocked,Not exportable,Forecast q is below the minimum materiality threshold (0.0172 < 0.0200),below_materiality,2026-05-31,bl_macro_views_v1,2026-04-30,2026-05-13T18:00:42+00:00
20260430_6m_ACTIVE_EMB,2026-04-30,6,active,Fixed Income,EMB vs AGG,"{""AGG"":-1.0,""EMB"":1.0}",2.0,-0.01937589000769234,active_return_vs_benchmark,decimal_6m_return,0.4599886903877593,0.005683441188868919,0.07538860118657806,-0.25701352330094646,-0.0947644911942704,0.05601271117888572,-0.17015309238084847,0.13140131236546376,forecast_error_var_divided_by_confidence,variance_of_decimal_6m_return,macro_ols_selected_plus_historical_mean,"[""20260430_6m_active_return_vs_benchmark_EMB""]",0.05113040846075517,0.20518095633404637,0.6052631578947368,0.009955476678252176,"{""modal_probability"":0.37112438019678445,""modal_scenario"":""Easing + Rate Cuts"",""scenario_confidence"":0.33779488090030274,""unknown_probability"":0.1987516880728099}","{""accel_rates"":-0.004409483800279127,""shock_inflation"":-0.004501883320784706,""shock_oil"":-0.0023950474794952607,""trend_3m_oil"":-0.013605253221053078,""trend_6m_oil"":-0.01632743921632424}","EMB is forecast to underperform AGG by -1.9% over 6m; main drivers: accel_rates, shock_inflation, shock_oil.",Public proxy data uses latest revised vintage; macro features are lagged one month.,Blocked,Blocked,Not exportable,Forecast q is below the minimum materiality threshold (0.0194 < 0.0200),below_materiality,2026-05-31,bl_macro_views_v1,2026-04-30,2026-05-13T18:00:42+00:00
20260430_6m_ACTIVE_EWU,2026-04-30,6,active,Equity Region,EWU vs ACWI,"{""ACWI"":-1.0,""EWU"":1.0}",2.0,0.017479441998227443,active_return_vs_benchmark,decimal_6m_return,0.45977412411272167,0.00874338929527371,0.09350609228961347,0.18693372346358908,-0.07602665029138603,0.11098553428784091,-0.16953274258099948,0.2044916265774544,forecast_error_var_divided_by_confidence,variance_of_decimal_6m_return,macro_ols_selected_plus_historical_mean,"[""20260430_6m_active_return_vs_benchmark_EWU""]",0.06340334498282418,0.2763827443993227,0.7631578947368421,0.0630220292446001,"{""modal_probability"":0.37112438019678445,""modal_scenario"":""Easing + Rate Cuts"",""scenario_confidence"":0.33779488090030274,""unknown_probability"":0.1987516880728099}","{""accel_liquidity"":-0.004370949336086729,""shock_rates"":0.031511455289162826,""trend_3m_rates"":-0.006205226110556296,""trend_6m_inflation"":-0.0008532258938336502,""trend_6m_oil"":0.016907209960303416}","EWU is forecast to outperform ACWI by +1.7% over 6m; main drivers: accel_liquidity, shock_rates, trend_3m_rates.",Public proxy data uses latest revised vintage; macro features are lagged one month.,Blocked,Blocked,Not exportable,Forecast q is below the minimum materiality threshold (0.0175 < 0.0200),below_materiality,2026-05-31,bl_macro_views_v1,2026-04-30,2026-05-13T18:00:42+00:00
20260430_6m_ACTIVE_SPY,2026-04-30,6,active,Equity Region,SPY vs ACWI,"{""ACWI"":-1.0,""SPY"":1.0}",2.0,0.011354640562735828,active_return_vs_benchmark,decimal_6m_return,0.45883161509673526,0.0016505997177308038,0.04062757336749026,0.27948114104746624,-0.02927293280475443,0.05198221393022609,-0.06990050617224469,0.09260978729771635,forecast_error_var_divided_by_confidence,variance_of_decimal_6m_return,macro_ols_selected_plus_historical_mean,"[""20260430_6m_active_return_vs_benchmark_SPY""]",0.027519944301626777,-0.026605795002593524,0.7105263157894737,-0.03689438601929365,"{""modal_probability"":0.37112438019678445,""modal_scenario"":""Easing + Rate Cuts"",""scenario_confidence"":0.33779488090030274,""unknown_probability"":0.1987516880728099}","{""trend_3m_dollar"":-0.004366390543812357,""trend_3m_oil"":-0.005262039621800145,""trend_6m_dollar"":0.0026773860848388624,""trend_6m_oil"":0.010997272317417582,""trend_6m_risk"":-0.002388826048297426}","SPY is forecast to outperform ACWI by +1.1% over 6m; main drivers: trend_3m_dollar, trend_3m_oil, trend_6m_dollar.",Public proxy data uses latest revised vintage; macro features are lagged one month.,Blocked,Blocked,Not exportable,Forecast q is below the minimum materiality threshold (0.0114 < 0.0200),below_materiality,2026-05-31,bl_macro_views_v1,2026-04-30,2026-05-13T18:00:42+00:00
20260430_6m_ACTIVE_XLB,2026-04-30,6,active,Equity Sector,XLB vs ACWI,"{""ACWI"":-1.0,""XLB"":1.0}",2.0,-0.019834404823971415,active_return_vs_benchmark,decimal_6m_return,0.44915143203533997,0.007584464145344586,0.08708882905025526,-0.22774912741708608,-0.10692323387422668,0.06725442422628385,-0.19401206292448195,0.1543432532765391,forecast_error_var_divided_by_confidence,variance_of_decimal_6m_return,macro_ols_selected_plus_historical_mean,"[""20260430_6m_active_return_vs_benchmark_XLB""]",0.058365854162362875,0.23666022930420783,0.6052631578947368,0.013011457957500973,"{""modal_probability"":0.37112438019678445,""modal_scenario"":""Easing + Rate Cuts"",""scenario_confidence"":0.33779488090030274,""unknown_probability"":0.1987516880728099}","{""accel_dollar"":0.0037765048927686593,""shock_liquidity"":-0.0030626651860876674,""trend_3m_liquidity"":0.0004178845648867885,""trend_6m_dollar"":-0.0087206560468665,""trend_6m_liquidity"":-0.006874276725768976}","XLB is forecast to underperform ACWI by -2.0% over 6m; main drivers: accel_dollar, shock_liquidity, trend_3m_liquidity.",Public proxy data uses latest revised vintage; macro features are lagged one month.,Blocked,Blocked,Not exportable,Forecast q is below the minimum materiality threshold (0.0198 < 0.0200),below_materiality,2026-05-31,bl_macro_views_v1,2026-04-30,2026-05-13T18:00:42+00:00
20260430_6m_ACTIVE_XLI,2026-04-30,6,active,Equity Sector,XLI vs ACWI,"{""ACWI"":-1.0,""XLI"":1.0}",2.0,0.017690937308169112,active_return_vs_benchmark,decimal_6m_return,0.43353691481355544,0.005283045308378602,0.07268456031633268,0.2433933318324531,-0.054993623008163565,0.09037549762450178,-0.12767818332449624,0.16306005794083447,forecast_error_var_divided_by_confidence,variance_of_decimal_6m_return,macro_ols_selected_plus_historical_mean,"[""20260430_6m_active_return_vs_benchmark_XLI""]",0.04785807313102657,0.12648142857583308,0.5526315789473685,0.010035315415030492,"{""modal_probability"":0.37112438019678445,""modal_scenario"":""Easing + Rate Cuts"",""scenario_confidence"":0.33779488090030274,""unknown_probability"":0.1987516880728099}","{""accel_dollar"":0.002551785814045329,""trend_3m_rates"":0.005366725286706799,""trend_6m_dollar"":-0.006846666972748252,""trend_6m_growth"":0.002266323122944531,""trend_6m_liquidity"":-0.0013553732670391172}","XLI is forecast to outperform ACWI by +1.8% over 6m; main drivers: accel_dollar, trend_3m_rates, trend_6m_dollar.",Public proxy data uses latest revised vintage; macro features are lagged one month.,Blocked,Blocked,Not exportable,Forecast q is below the minimum materiality threshold (0.0177 < 0.0200),below_materiality,2026-05-31,bl_macro_views_v1,2026-04-30,2026-05-13T18:00:42+00:00
20260430_6m_ACTIVE_ACWI,2026-04-30,6,active,Asset Class,ACWI vs GSMIF_SAMPLE_POLICY,"{""ACWI"":0.55,""AGG"":-0.25,""BIL"":-0.05,""DBC"":-0.05,""EFA"":-0.05,""GLD"":-0.1,""HYG"":-0.05}",1.1,-0.009756195066971621,active_return_vs_benchmark,decimal_6m_return,0.42354651291511947,0.0048774601455905,0.069838815465259,-0.13969588404352012,-0.07959501053223061,0.06008262039828738,-0.1494338259974896,0.12992143586354638,forecast_error_var_divided_by_confidence,variance_of_decimal_6m_return,macro_ols_selected_plus_historical_mean,"[""20260430_6m_active_return_vs_benchmark_ACWI""]",0.045451416221580235,0.26471792590898036,0.7368421052631579,0.018990475927068276,"{""modal_probability"":0.37112438019678445,""modal_scenario"":""Easing + Rate Cuts"",""scenario_confidence"":0.33779488090030274,""unknown_probability"":0.1987516880728099}","{""trend_3m_dollar"":-0.002942516901132213,""trend_3m_liquidity"":0.00031240650892752034,""trend_3m_oil"":-0.015858298616401957,""trend_6m_liquidity"":-0.0032064433276309486,""trend_6m_oil"":-0.015418463049985134}","ACWI is forecast to underperform GSMIF_SAMPLE_POLICY by -1.0% over 6m; main drivers: trend_3m_dollar, trend_3m_liquidity, trend_3m_oil.",Public proxy data uses latest revised vintage; macro features are lagged one month.,Blocked,Blocked,Not exportable,Forecast q is below the minimum materiality threshold (0.0098 < 0.0200),below_materiality,2026-05-31,bl_macro_views_v1,2026-04-30,2026-05-13T18:00:42+00:00
20260430_6m_ACTIVE_EWL,2026-04-30,6,active,Equity Region,EWL vs ACWI,"{""ACWI"":-1.0,""EWL"":1.0}",2.0,0.007762145869531955,active_return_vs_benchmark,decimal_6m_return,0.4056921218058465,0.007341210885553778,0.08568086650795367,0.09059369011880151,-0.07791872063842172,0.09344301237748563,-0.1635995871463754,0.1791238788854393,forecast_error_var_divided_by_confidence,variance_of_decimal_6m_return,macro_ols_selected_plus_historical_mean,"[""20260430_6m_active_return_vs_benchmark_EWL""]",0.054573541398598,0.45856998642201224,0.7105263157894737,0.048463064812652765,"{""modal_probability"":0.37112438019678445,""modal_scenario"":""Easing + Rate Cuts"",""scenario_confidence"":0.33779488090030274,""unknown_probability"":0.1987516880728099}","{""accel_growth"":-0.007135230110020336,""shock_dollar"":0.014010994466602332,""trend_3m_dollar"":0.005060652271920414,""trend_6m_dollar"":0.0014334075157160066,""trend_6m_oil"":0.017318826805873995}","EWL is forecast to outperform ACWI by +0.8% over 6m; main drivers: accel_growth, shock_dollar, trend_3m_dollar.",Public proxy data uses latest revised vintage; macro features are lagged one month.,Blocked,Blocked,Not exportable,Forecast q is below the minimum materiality threshold (0.0078 < 0.0200),below_materiality,2026-05-31,bl_macro_views_v1,2026-04-30,2026-05-13T18:00:42+00:00
20260430_6m_ACTIVE_EFA,2026-04-30,6,active,Equity Region,EFA vs ACWI,"{""ACWI"":-1.0,""EFA"":1.0}",2.0,-0.005633904734235016,active_return_vs_benchmark,decimal_6m_return,0.40445141081735736,0.003371190112802541,0.058061950645862226,-0.09703264653642006,-0.06369585538009724,0.05242804591162721,-0.12175780602595947,0.11048999655748944,forecast_error_var_divided_by_confidence,variance_of_decimal_6m_return,macro_ols_selected_plus_historical_mean,"[""20260430_6m_active_return_vs_benchmark_EFA""]",0.036925365228478294,0.2756365457177319,0.8157894736842105,0.052272540695960046,"{""modal_probability"":0.37112438019678445,""modal_scenario"":""Easing + Rate Cuts"",""scenario_confidence"":0.33779488090030274,""unknown_probability"":0.1987516880728099}","{""accel_growth"":-0.006575153508478088,""shock_dollar"":0.004414485274725961,""shock_rates"":0.0045655882621528305,""trend_3m_dollar"":0.006323232321931505,""trend_6m_dollar"":0.0026446793277367805}","EFA is forecast to underperform ACWI by -0.6% over 6m; main drivers: accel_growth, shock_dollar, shock_rates.",Public proxy data uses latest revised vintage; macro features are lagged one month.,Blocked,Blocked,Not exportable,Forecast q is below the minimum materiality threshold (0.0056 < 0.0200),below_materiality,2026-05-31,bl_macro_views_v1,2026-04-30,2026-05-13T18:00:42+00:00
20260430_6m_REL_EFA_SPY,2026-04-30,6,relative,Equity regions,EFA - SPY,"{""EFA"":1.0,""SPY"":-1.0}",2.0,-0.016988545296970844,relative_spread_return,decimal_6m_return,0.40445141081735736,0.005243719949783734,0.07241353429976839,-0.23460455923396603,-0.08940207959673924,0.05542498900279755,-0.16181561389650762,0.12783852330256595,relative_error_var_sum_divided_by_confidence,variance_of_decimal_6m_return,macro_ols_selected_plus_historical_mean,"[""20260430_6m_active_return_vs_benchmark_EFA"",""20260430_6m_active_return_vs_benchmark_SPY""]",0.04605246933250327,0.12451537535756918,0.763157894736842,0.007689077338333197,"{""modal_probability"":0.37112438019678445,""modal_scenario"":""Easing + Rate Cuts"",""scenario_confidence"":0.33779488090030274,""unknown_probability"":0.1987516880728099}","{""long"":{""accel_growth"":-0.006575153508478088,""shock_dollar"":0.004414485274725961,""shock_rates"":0.0045655882621528305,""trend_3m_dollar"":0.006323232321931505,""trend_6m_dollar"":0.0026446793277367805},""short"":{""trend_3m_dollar"":-0.004366390543812357,""trend_3m_oil"":-0.005262039621800145,""trend_6m_dollar"":0.0026773860848388624,""trend_6m_oil"":0.010997272317417582,""trend_6m_risk"":-0.002388826048297426}}",EFA is forecast to underperform SPY by -1.7% over 6m.,Relative view uses diagonal residual-error approximation in v1.,Blocked,Blocked,Not exportable,Forecast q is below the minimum materiality threshold (0.0170 < 0.0200),below_materiality,2026-05-31,bl_macro_views_v1,2026-04-30,2026-05-13T18:00:42+00:00
20260430_6m_ACTIVE_EWJ,2026-04-30,6,active,Equity Region,EWJ vs ACWI,"{""ACWI"":-1.0,""EWJ"":1.0}",2.0,-0.008598371402057915,active_return_vs_benchmark,decimal_6m_return,0.3915944037577109,0.0048456048186694915,0.06961037867063712,-0.12352139962836978,-0.07820875007269504,0.0610120072685792,-0.14781912874333214,0.13062238593921632,forecast_error_var_divided_by_confidence,variance_of_decimal_6m_return,macro_ols_selected_plus_historical_mean,"[""20260430_6m_active_return_vs_benchmark_EWJ""]",0.04356043766782389,0.2343955317320213,0.631578947368421,0.008658928806175806,"{""modal_probability"":0.37112438019678445,""modal_scenario"":""Easing + Rate Cuts"",""scenario_confidence"":0.33779488090030274,""unknown_probability"":0.1987516880728099}","{""accel_growth"":-0.005170867603113704,""accel_risk"":-0.003517385687929086,""trend_6m_inflation"":0.001705658912689579,""trend_6m_oil"":0.0034857830827775996,""trend_6m_risk"":0.0042047428001537775}","EWJ is forecast to underperform ACWI by -0.9% over 6m; main drivers: accel_growth, accel_risk, trend_6m_inflation.",Public proxy data uses latest revised vintage; macro features are lagged one month.,Blocked,Blocked,Not exportable,Forecast q is below the minimum materiality threshold (0.0086 < 0.0200),below_materiality,2026-05-31,bl_macro_views_v1,2026-04-30,2026-05-13T18:00:42+00:00
20260430_6m_REL_USMV_SPHB,2026-04-30,6,relative,Style,USMV - SPHB,"{""SPHB"":-1.0,""USMV"":1.0}",2.0,0.013628729148574525,relative_spread_return,decimal_6m_return,0.39130974920832917,0.030428707303902118,0.17443826215570402,0.07812924171653056,-0.1608095330071295,0.18806699130427854,-0.3352477951628335,0.3625052534599826,relative_error_var_sum_divided_by_confidence,variance_of_decimal_6m_return,macro_ols_selected_plus_historical_mean,"[""20260430_6m_active_return_vs_benchmark_USMV"",""20260430_6m_active_return_vs_benchmark_SPHB""]",0.10911942917658428,0.5196645337352566,0.5657894736842105,0.04308414949193084,"{""modal_probability"":0.37112438019678445,""modal_scenario"":""Easing + Rate Cuts"",""scenario_confidence"":0.33779488090030274,""unknown_probability"":0.1987516880728099}","{""long"":{""shock_rates"":0.011374607133086287,""trend_3m_oil"":0.00043823548640637306,""trend_3m_rates"":0.0010787150416945693,""trend_6m_oil"":0.036569179814195725,""trend_6m_rates"":-0.0001331719362332143},""short"":{""accel_liquidity"":-0.009874443569594627,""trend_3m_dollar"":-0.009842985680722427,""trend_3m_liquidity"":1.3437109713703104e-05,""trend_6m_dollar"":-0.0038986121798278276,""trend_6m_liquidity"":-0.011117689880838161}}",USMV is forecast to outperform SPHB by +1.4% over 6m.,Relative view uses diagonal residual-error approximation in v1.,Blocked,Blocked,Not exportable,Forecast q is below the minimum materiality threshold (0.0136 < 0.0250),below_materiality,2026-05-31,bl_macro_views_v1,2026-04-30,2026-05-13T18:00:42+00:00
20260430_6m_ACTIVE_SPHB,2026-04-30,6,active,Style Factor,SPHB vs ACWI,"{""ACWI"":-1.0,""SPHB"":1.0}",2.0,0.010509578021405572,active_return_vs_benchmark,decimal_6m_return,0.39130974920832917,0.0200335339565617,0.14153986702184548,0.07425171608917441,-0.13103028900043992,0.15204944504325105,-0.2725701560222854,0.29358931206509653,forecast_error_var_divided_by_confidence,variance_of_decimal_6m_return,macro_ols_selected_plus_historical_mean,"[""20260430_6m_active_return_vs_benchmark_SPHB""]",0.08853991838881886,0.633237795705873,0.631578947368421,0.06571005149091604,"{""modal_probability"":0.37112438019678445,""modal_scenario"":""Easing + Rate Cuts"",""scenario_confidence"":0.33779488090030274,""unknown_probability"":0.1987516880728099}","{""accel_liquidity"":-0.009874443569594627,""trend_3m_dollar"":-0.009842985680722427,""trend_3m_liquidity"":1.3437109713703104e-05,""trend_6m_dollar"":-0.0038986121798278276,""trend_6m_liquidity"":-0.011117689880838161}","SPHB is forecast to outperform ACWI by +1.1% over 6m; main drivers: accel_liquidity, trend_3m_dollar, trend_3m_liquidity.",Public proxy data uses latest revised vintage; macro features are lagged one month.,Blocked,Blocked,Not exportable,Forecast q is below the minimum materiality threshold (0.0105 < 0.0200),below_materiality,2026-05-31,bl_macro_views_v1,2026-04-30,2026-05-13T18:00:42+00:00
20260430_6m_ACTIVE_AGG,2026-04-30,6,active,Asset Class,AGG vs GSMIF_SAMPLE_POLICY,"{""ACWI"":-0.45,""AGG"":0.75,""BIL"":-0.05,""DBC"":-0.05,""EFA"":-0.05,""GLD"":-0.1,""HYG"":-0.05}",1.5,-0.010038437325129294,active_return_vs_benchmark,decimal_6m_return,0.38529082323243047,0.00909046388542841,0.09534392421873776,-0.10528659699488706,-0.10538236154386706,0.08530548689360846,-0.20072628576260482,0.18064941111234623,forecast_error_var_divided_by_confidence,variance_of_decimal_6m_return,macro_ols_selected_plus_historical_mean,"[""20260430_6m_active_return_vs_benchmark_AGG""]",0.05918168900919769,0.21592597193095087,0.6842105263157895,0.008676758323020863,"{""modal_probability"":0.37112438019678445,""modal_scenario"":""Easing + Rate Cuts"",""scenario_confidence"":0.33779488090030274,""unknown_probability"":0.1987516880728099}","{""trend_3m_dollar"":0.0022340126162007363,""trend_3m_oil"":0.027183444511537706,""trend_3m_rates"":0.00037458706378648186,""trend_6m_dollar"":0.006298806694077635,""trend_6m_liquidity"":0.0010217953571849522}","AGG is forecast to underperform GSMIF_SAMPLE_POLICY by -1.0% over 6m; main drivers: trend_3m_dollar, trend_3m_oil, trend_3m_rates.",Public proxy data uses latest revised vintage; macro features are lagged one month.,Blocked,Blocked,Not exportable,Forecast q is below the minimum materiality threshold (0.0100 < 0.0200),below_materiality,2026-05-31,bl_macro_views_v1,2026-04-30,2026-05-13T18:00:42+00:00
20260430_6m_ACTIVE_SHY,2026-04-30,6,active,Fixed Income,SHY vs AGG,"{""AGG"":-1.0,""SHY"":1.0}",2.0,-0.0037793189624633298,active_return_vs_benchmark,decimal_6m_return,0.38059190131328313,0.001741229971036442,0.04172804777408646,-0.09057023187196227,-0.04550736673654979,0.03794872881162313,-0.08723541451063625,0.07967677658570958,forecast_error_var_divided_by_confidence,variance_of_decimal_6m_return,macro_ols_selected_plus_historical_mean,"[""20260430_6m_active_return_vs_benchmark_SHY""]",0.025742921848547658,0.30946415026879165,0.6578947368421053,0.0260787280333699,"{""modal_probability"":0.37112438019678445,""modal_scenario"":""Easing + Rate Cuts"",""scenario_confidence"":0.33779488090030274,""unknown_probability"":0.1987516880728099}","{""accel_liquidity"":-0.0013060433237720205,""trend_3m_inflation"":-0.0003544684092839501,""trend_3m_rates"":0.0007657713720232076,""trend_6m_inflation"":-0.0017840962706098104,""trend_6m_risk"":0.00011974508265720286}","SHY is forecast to underperform AGG by -0.4% over 6m; main drivers: accel_liquidity, trend_3m_inflation, trend_3m_rates.",Public proxy data uses latest revised vintage; macro features are lagged one month.,Blocked,Blocked,Not exportable,Forecast q is below the minimum materiality threshold (0.0038 < 0.0200),below_materiality,2026-05-31,bl_macro_views_v1,2026-04-30,2026-05-13T18:00:42+00:00
20260430_6m_ACTIVE_VNQ,2026-04-30,6,active,Equity Sector,VNQ vs ACWI,"{""ACWI"":-1.0,""VNQ"":1.0}",2.0,0.015511345227663875,active_return_vs_benchmark,decimal_6m_return,0.37737404274614317,0.019361470932220723,0.13914550273803578,0.11147572089962926,-0.1236341575103719,0.15465684796569965,-0.26277966024840765,0.29380235070373545,forecast_error_var_divided_by_confidence,variance_of_decimal_6m_return,macro_ols_selected_plus_historical_mean,"[""20260430_6m_active_return_vs_benchmark_VNQ""]",0.08547816422457885,0.18107516037168023,0.631578947368421,0.05649851030487594,"{""modal_probability"":0.37112438019678445,""modal_scenario"":""Easing + Rate Cuts"",""scenario_confidence"":0.33779488090030274,""unknown_probability"":0.1987516880728099}","{""shock_inflation"":0.009173469177186316,""shock_oil"":0.0058384758962581555,""trend_3m_inflation"":-0.000295633621343117,""trend_3m_oil"":0.027655422897447917,""trend_6m_oil"":0.0173066410464242}","VNQ is forecast to outperform ACWI by +1.6% over 6m; main drivers: shock_inflation, shock_oil, trend_3m_inflation.",Public proxy data uses latest revised vintage; macro features are lagged one month.,Blocked,Blocked,Not exportable,Forecast q is below the minimum materiality threshold (0.0155 < 0.0200),below_materiality,2026-05-31,bl_macro_views_v1,2026-04-30,2026-05-13T18:00:42+00:00
20260430_6m_ACTIVE_WEAT,2026-04-30,6,active,Commodity,WEAT vs DBC,"{""DBC"":-1.0,""WEAT"":1.0}",2.0,-0.01705684682981255,active_return_vs_benchmark,decimal_6m_return,0.36534002614926026,0.0470987690472041,0.2170225081580344,-0.07859482859442332,-0.23407935498784693,0.19996566132822186,-0.45110186314588135,0.4169881694862562,forecast_error_var_divided_by_confidence,variance_of_decimal_6m_return,macro_ols_selected_plus_historical_mean,"[""20260430_6m_active_return_vs_benchmark_WEAT""]",0.13117570474483267,0.34799529827091913,0.5945945945945946,0.021318097166534107,"{""modal_probability"":0.37112438019678445,""modal_scenario"":""Easing + Rate Cuts"",""scenario_confidence"":0.33779488090030274,""unknown_probability"":0.1987516880728099}","{""accel_inflation"":0.0030343560088564054,""shock_dollar"":0.0005516558047600702,""trend_3m_dollar"":0.009682806384105654,""trend_3m_oil"":0.05356689315054407,""trend_6m_dollar"":0.014390742424199465}","WEAT is forecast to underperform DBC by -1.7% over 6m; main drivers: accel_inflation, shock_dollar, trend_3m_dollar.",Public proxy data uses latest revised vintage; macro features are lagged one month.,Blocked,Blocked,Not exportable,Forecast q is below the minimum materiality threshold (0.0171 < 0.0200),below_materiality,2026-05-31,bl_macro_views_v1,2026-04-30,2026-05-13T18:00:42+00:00
20260430_6m_ACTIVE_QUAL,2026-04-30,6,active,Style Factor,QUAL vs ACWI,"{""ACWI"":-1.0,""QUAL"":1.0}",2.0,0.0013093017432402301,active_return_vs_benchmark,decimal_6m_return,0.3588121197091547,0.0031251906816674503,0.05590340492016072,0.02342078707209568,-0.05459410317692049,0.057212706663400954,-0.11049750809708121,0.11311611158356168,forecast_error_var_divided_by_confidence,variance_of_decimal_6m_return,macro_ols_selected_plus_historical_mean,"[""20260430_6m_active_return_vs_benchmark_QUAL""]",0.03348665843264144,0.46466848761205826,0.7931034482758621,0.03603271974585037,"{""modal_probability"":0.37112438019678445,""modal_scenario"":""Easing + Rate Cuts"",""scenario_confidence"":0.33779488090030274,""unknown_probability"":0.1987516880728099}","{""shock_liquidity"":-0.0014756215148826945,""trend_3m_liquidity"":-5.375496418106769e-05,""trend_6m_liquidity"":0.0024542703352629447,""trend_6m_rates"":0.00151583613097706,""trend_6m_risk"":-0.002894453577497722}","QUAL is forecast to outperform ACWI by +0.1% over 6m; main drivers: shock_liquidity, trend_3m_liquidity, trend_6m_liquidity.",Public proxy data uses latest revised vintage; macro features are lagged one month.,Blocked,Blocked,Not exportable,Forecast q is below the minimum materiality threshold (0.0013 < 0.0200),below_materiality,2026-05-31,bl_macro_views_v1,2026-04-30,2026-05-13T18:00:42+00:00
20260430_6m_ACTIVE_VLUE,2026-04-30,6,active,Style Factor,VLUE vs ACWI,"{""ACWI"":-1.0,""VLUE"":1.0}",2.0,-0.0048734794335548465,active_return_vs_benchmark,decimal_6m_return,0.3587163953426862,0.0116247041644557,0.10781792135102448,-0.04520101456684723,-0.11269140078457933,0.10294444191746964,-0.2205093221356038,0.21076236326849412,forecast_error_var_divided_by_confidence,variance_of_decimal_6m_return,macro_ols_selected_plus_historical_mean,"[""20260430_6m_active_return_vs_benchmark_VLUE""]",0.0645753201679919,0.49840327512878047,0.6333333333333333,0.06268928533178018,"{""modal_probability"":0.37112438019678445,""modal_scenario"":""Easing + Rate Cuts"",""scenario_confidence"":0.33779488090030274,""unknown_probability"":0.1987516880728099}","{""accel_liquidity"":-0.005796388346015689,""accel_oil"":0.010935599886523662,""trend_3m_dollar"":0.0001695314461966176,""trend_6m_dollar"":-0.021565717277915845,""trend_6m_liquidity"":-0.003613068694397839}","VLUE is forecast to underperform ACWI by -0.5% over 6m; main drivers: accel_liquidity, accel_oil, trend_3m_dollar.",Public proxy data uses latest revised vintage; macro features are lagged one month.,Blocked,Blocked,Not exportable,Forecast q is below the minimum materiality threshold (0.0049 < 0.0200),below_materiality,2026-05-31,bl_macro_views_v1,2026-04-30,2026-05-13T18:00:42+00:00
20260430_6m_REL_TLT_HYG,2026-04-30,6,relative,Fixed income,TLT - HYG,"{""HYG"":-1.0,""TLT"":1.0}",2.0,0.010940191582805694,relative_spread_return,decimal_6m_return,0.34492741701868246,0.01710083290145451,0.1307701529457487,0.08365969861138223,-0.11982996136294301,0.1417103445285544,-0.2506001143086917,0.2724804974743031,relative_error_var_sum_divided_by_confidence,variance_of_decimal_6m_return,macro_ols_selected_plus_historical_mean,"[""20260430_6m_active_return_vs_benchmark_TLT"",""20260430_6m_active_return_vs_benchmark_HYG""]",0.07680199295309209,0.3544909571072885,0.6447368421052632,0.0389628087418733,"{""modal_probability"":0.37112438019678445,""modal_scenario"":""Easing + Rate Cuts"",""scenario_confidence"":0.33779488090030274,""unknown_probability"":0.1987516880728099}","{""long"":{""accel_liquidity"":0.004218949286700513,""trend_3m_inflation"":0.0012509733960659644,""trend_3m_rates"":-0.0013237491300316618,""trend_6m_inflation"":0.0025945625034240094,""trend_6m_rates"":7.059066829301392e-05},""short"":{""trend_3m_growth"":0.002746995395751516,""trend_3m_rates"":0.0018912445812538984,""trend_6m_growth"":0.0007795089362896531,""trend_6m_rates"":0.0010666025004829008,""trend_6m_risk"":-0.0015395131453497498}}",TLT is forecast to outperform HYG by +1.1% over 6m.,Relative view uses diagonal residual-error approximation in v1.,Blocked,Blocked,Not exportable,Forecast q is below the minimum materiality threshold (0.0109 < 0.0250),below_materiality,2026-05-31,bl_macro_views_v1,2026-04-30,2026-05-13T18:00:42+00:00
20260430_6m_ACTIVE_TLT,2026-04-30,6,active,Fixed Income,TLT vs AGG,"{""AGG"":-1.0,""TLT"":1.0}",2.0,-0.0062832982838435586,active_return_vs_benchmark,decimal_6m_return,0.34492741701868246,0.014240070667052185,0.11933176721666441,-0.052654028599403074,-0.12561506550050797,0.11304846893282086,-0.24494683271717238,0.23238023614948528,forecast_error_var_divided_by_confidence,variance_of_decimal_6m_return,macro_ols_selected_plus_historical_mean,"[""20260430_6m_active_return_vs_benchmark_TLT""]",0.07008416934907495,0.33953859856512386,0.6052631578947368,0.05204053132773398,"{""modal_probability"":0.37112438019678445,""modal_scenario"":""Easing + Rate Cuts"",""scenario_confidence"":0.33779488090030274,""unknown_probability"":0.1987516880728099}","{""accel_liquidity"":0.004218949286700513,""trend_3m_inflation"":0.0012509733960659644,""trend_3m_rates"":-0.0013237491300316618,""trend_6m_inflation"":0.0025945625034240094,""trend_6m_rates"":7.059066829301392e-05}","TLT is forecast to underperform AGG by -0.6% over 6m; main drivers: accel_liquidity, trend_3m_inflation, trend_3m_rates.",Public proxy data uses latest revised vintage; macro features are lagged one month.,Blocked,Blocked,Not exportable,Forecast q is below the minimum materiality threshold (0.0063 < 0.0200),below_materiality,2026-05-31,bl_macro_views_v1,2026-04-30,2026-05-13T18:00:42+00:00
20260430_6m_ACTIVE_EPP,2026-04-30,6,active,Equity Region,EPP vs ACWI,"{""ACWI"":-1.0,""EPP"":1.0}",2.0,-0.002527376433095545,active_return_vs_benchmark,decimal_6m_return,0.3300196104826425,0.009766030609825945,0.09882322910037875,-0.025574720195880127,-0.10135060553347429,0.0962958526672832,-0.20017383463385305,0.19511908176766193,forecast_error_var_divided_by_confidence,variance_of_decimal_6m_return,macro_ols_selected_plus_historical_mean,"[""20260430_6m_active_return_vs_benchmark_EPP""]",0.0567713098124072,0.24500963750825272,0.7368421052631579,0.043031348368892525,"{""modal_probability"":0.37112438019678445,""modal_scenario"":""Easing + Rate Cuts"",""scenario_confidence"":0.33779488090030274,""unknown_probability"":0.1987516880728099}","{""accel_dollar"":0.003914790466728077,""shock_rates"":0.014039332914546858,""trend_3m_dollar"":0.0002927044820644922,""trend_6m_growth"":0.0020289877091628655,""trend_6m_risk"":0.0017366678252995881}","EPP is forecast to underperform ACWI by -0.3% over 6m; main drivers: accel_dollar, shock_rates, trend_3m_dollar.",Public proxy data uses latest revised vintage; macro features are lagged one month.,Blocked,Blocked,Not exportable,Forecast q is below the minimum materiality threshold (0.0025 < 0.0200),below_materiality,2026-05-31,bl_macro_views_v1,2026-04-30,2026-05-13T18:00:42+00:00
20260430_6m_ACTIVE_LQD,2026-04-30,6,active,Fixed Income,LQD vs AGG,"{""AGG"":-1.0,""LQD"":1.0}",2.0,-0.0029141257053579644,active_return_vs_benchmark,decimal_6m_return,0.32871584594002995,0.0021808460491025985,0.04669952943127584,-0.062401607486141,-0.0496136551366338,0.043785403725917875,-0.09631318456790965,0.0904849331571937,forecast_error_var_divided_by_confidence,variance_of_decimal_6m_return,macro_ols_selected_plus_historical_mean,"[""20260430_6m_active_return_vs_benchmark_LQD""]",0.026774589705460154,0.17740478419762545,0.5526315789473685,0.004157989105968924,"{""modal_probability"":0.37112438019678445,""modal_scenario"":""Easing + Rate Cuts"",""scenario_confidence"":0.33779488090030274,""unknown_probability"":0.1987516880728099}","{""trend_3m_inflation"":0.00023313622754936428,""trend_3m_oil"":-0.011250623622164446,""trend_6m_inflation"":0.0007734594743850305,""trend_6m_oil"":-0.0013526276679744272,""trend_6m_risk"":0.0003115404120811693}","LQD is forecast to underperform AGG by -0.3% over 6m; main drivers: trend_3m_inflation, trend_3m_oil, trend_6m_inflation.",Public proxy data uses latest revised vintage; macro features are lagged one month.,Blocked,Blocked,Not exportable,Forecast q is below the minimum materiality threshold (0.0029 < 0.0200),below_materiality,2026-05-31,bl_macro_views_v1,2026-04-30,2026-05-13T18:00:42+00:00
20260430_6m_REL_IEF_HYG,2026-04-30,6,relative,Fixed income,IEF - HYG,"{""HYG"":-1.0,""IEF"":1.0}",2.0,0.016071095508126736,relative_spread_return,decimal_6m_return,0.3267711566121063,0.003995493070290944,0.06320991275338816,0.2542496075074126,-0.04713881724526143,0.07928100826151491,-0.11034872999864959,0.14249092101490307,relative_error_var_sum_divided_by_confidence,variance_of_decimal_6m_return,macro_ols_selected_plus_historical_mean,"[""20260430_6m_active_return_vs_benchmark_IEF"",""20260430_6m_active_return_vs_benchmark_HYG""]",0.03613325188541197,0.3733877482279422,0.618421052631579,0.018906308529421358,"{""modal_probability"":0.37112438019678445,""modal_scenario"":""Easing + Rate Cuts"",""scenario_confidence"":0.33779488090030274,""unknown_probability"":0.1987516880728099}","{""long"":{""accel_liquidity"":0.0007461289062698391,""trend_3m_dollar"":-0.00010373903426477439,""trend_6m_dollar"":0.0028839928415507216,""trend_6m_inflation"":0.0006352002459223283,""trend_6m_risk"":-0.0005372101395441281},""short"":{""trend_3m_growth"":0.002746995395751516,""trend_3m_rates"":0.0018912445812538984,""trend_6m_growth"":0.0007795089362896531,""trend_6m_rates"":0.0010666025004829008,""trend_6m_risk"":-0.0015395131453497498}}",IEF is forecast to outperform HYG by +1.6% over 6m.,Relative view uses diagonal residual-error approximation in v1.,Blocked,Blocked,Not exportable,Forecast q is below the minimum materiality threshold (0.0161 < 0.0200),below_materiality,2026-05-31,bl_macro_views_v1,2026-04-30,2026-05-13T18:00:42+00:00
20260430_6m_ACTIVE_IEF,2026-04-30,6,active,Fixed Income,IEF vs AGG,"{""AGG"":-1.0,""IEF"":1.0}",2.0,-0.0011523943585225193,active_return_vs_benchmark,decimal_6m_return,0.3267711566121063,0.000975779401411907,0.031237467909737932,-0.036891413921653786,-0.032389862268260454,0.030085073551215414,-0.06362733017799839,0.061322541460953346,forecast_error_var_divided_by_confidence,variance_of_decimal_6m_return,macro_ols_selected_plus_historical_mean,"[""20260430_6m_active_return_vs_benchmark_IEF""]",0.017856555199635724,0.3773321808064312,0.5526315789473685,0.011927530902830098,"{""modal_probability"":0.37112438019678445,""modal_scenario"":""Easing + Rate Cuts"",""scenario_confidence"":0.33779488090030274,""unknown_probability"":0.1987516880728099}","{""accel_liquidity"":0.0007461289062698391,""trend_3m_dollar"":-0.00010373903426477439,""trend_6m_dollar"":0.0028839928415507216,""trend_6m_inflation"":0.0006352002459223283,""trend_6m_risk"":-0.0005372101395441281}","IEF is forecast to underperform AGG by -0.1% over 6m; main drivers: accel_liquidity, trend_3m_dollar, trend_6m_dollar.",Public proxy data uses latest revised vintage; macro features are lagged one month.,Blocked,Blocked,Not exportable,Forecast q is below the minimum materiality threshold (0.0012 < 0.0200),below_materiality,2026-05-31,bl_macro_views_v1,2026-04-30,2026-05-13T18:00:42+00:00
20260430_6m_ACTIVE_TIP,2026-04-30,6,active,Fixed Income,TIP vs AGG,"{""AGG"":-1.0,""TIP"":1.0}",2.0,-7.172433002980579e-05,active_return_vs_benchmark,decimal_6m_return,0.32072938191940753,0.0009787622261338824,0.031285175820728296,-0.0022925979524872652,-0.0313569001507581,0.031213451490698492,-0.0626420759714864,0.06249862731142679,forecast_error_var_divided_by_confidence,variance_of_decimal_6m_return,macro_ols_selected_plus_historical_mean,"[""20260430_6m_active_return_vs_benchmark_TIP""]",0.017717725695866937,0.5545056600732619,0.631578947368421,0.02444802475068949,"{""modal_probability"":0.37112438019678445,""modal_scenario"":""Easing + Rate Cuts"",""scenario_confidence"":0.33779488090030274,""unknown_probability"":0.1987516880728099}","{""shock_liquidity"":-0.001054394072528897,""trend_3m_liquidity"":2.649230754260183e-05,""trend_6m_dollar"":-0.0037110540378039202,""trend_6m_liquidity"":-0.0019324659997311288,""trend_6m_rates"":0.00017184524351836512}","TIP is forecast to underperform AGG by -0.0% over 6m; main drivers: shock_liquidity, trend_3m_liquidity, trend_6m_dollar.",Public proxy data uses latest revised vintage; macro features are lagged one month.,Blocked,Blocked,Not exportable,Forecast q is below the minimum materiality threshold (0.0001 < 0.0200),below_materiality,2026-05-31,bl_macro_views_v1,2026-04-30,2026-05-13T18:00:42+00:00
20260430_6m_ACTIVE_EEM,2026-04-30,6,active,Equity Region,EEM vs ACWI,"{""ACWI"":-1.0,""EEM"":1.0}",2.0,-0.0028201843191383224,active_return_vs_benchmark,decimal_6m_return,0.3154236301121154,0.012455762589986938,0.11160538781791378,-0.02526924886224583,-0.1144255721370521,0.10878520349877546,-0.2260309599549659,0.22039059131668923,forecast_error_var_divided_by_confidence,variance_of_decimal_6m_return,macro_ols_selected_plus_historical_mean,"[""20260430_6m_active_return_vs_benchmark_EEM""]",0.06268047424795352,0.17672099906394292,0.6842105263157895,0.04707190092641689,"{""modal_probability"":0.37112438019678445,""modal_scenario"":""Easing + Rate Cuts"",""scenario_confidence"":0.33779488090030274,""unknown_probability"":0.1987516880728099}","{""trend_3m_oil"":0.00653412972619098,""trend_6m_inflation"":-0.0007456872573100408,""trend_6m_oil"":-0.0012304202602008896,""trend_6m_rates"":-0.0037451683705117074,""trend_6m_risk"":0.008366271349074974}","EEM is forecast to underperform ACWI by -0.3% over 6m; main drivers: trend_3m_oil, trend_6m_inflation, trend_6m_oil.",Public proxy data uses latest revised vintage; macro features are lagged one month.,Blocked,Blocked,Not exportable,Forecast q is below the minimum materiality threshold (0.0028 < 0.0200),below_materiality,2026-05-31,bl_macro_views_v1,2026-04-30,2026-05-13T18:00:42+00:00
20260430_6m_REL_EEM_SPY,2026-04-30,6,relative,Equity regions,EEM - SPY,"{""EEM"":1.0,""SPY"":-1.0}",2.0,-0.01417482488187415,relative_spread_return,decimal_6m_return,0.3154236301121154,0.014856810774282596,0.12188851781149279,-0.11629335671959097,-0.13606334269336695,0.10771369292961865,-0.25795186050485974,0.22960221074111142,relative_error_var_sum_divided_by_confidence,variance_of_decimal_6m_return,macro_ols_selected_plus_historical_mean,"[""20260430_6m_active_return_vs_benchmark_EEM"",""20260430_6m_active_return_vs_benchmark_SPY""]",0.06845574618914765,0.0750576020306747,0.6973684210526316,0.005088757453561618,"{""modal_probability"":0.37112438019678445,""modal_scenario"":""Easing + Rate Cuts"",""scenario_confidence"":0.33779488090030274,""unknown_probability"":0.1987516880728099}","{""long"":{""trend_3m_oil"":0.00653412972619098,""trend_6m_inflation"":-0.0007456872573100408,""trend_6m_oil"":-0.0012304202602008896,""trend_6m_rates"":-0.0037451683705117074,""trend_6m_risk"":0.008366271349074974},""short"":{""trend_3m_dollar"":-0.004366390543812357,""trend_3m_oil"":-0.005262039621800145,""trend_6m_dollar"":0.0026773860848388624,""trend_6m_oil"":0.010997272317417582,""trend_6m_risk"":-0.002388826048297426}}",EEM is forecast to underperform SPY by -1.4% over 6m.,Relative view uses diagonal residual-error approximation in v1.,Blocked,Blocked,Not exportable,Forecast q is below the minimum materiality threshold (0.0142 < 0.0250),below_materiality,2026-05-31,bl_macro_views_v1,2026-04-30,2026-05-13T18:00:42+00:00
20260430_6m_ACTIVE_XHB,2026-04-30,6,active,Equity Sector,XHB vs ACWI,"{""ACWI"":-1.0,""XHB"":1.0}",2.0,-0.0013176699616729202,active_return_vs_benchmark,decimal_6m_return,0.2581172064090531,0.08049599026845412,0.28371815287086255,-0.004644292049485717,-0.2850358228325355,0.2824004829091896,-0.568753975703398,0.5661186357800522,forecast_error_var_divided_by_confidence,variance_of_decimal_6m_return,macro_ols_selected_plus_historical_mean,"[""20260430_6m_active_return_vs_benchmark_XHB""]",0.14414367879037812,0.04004100944064014,0.5,0.006942129640804283,"{""modal_probability"":0.37112438019678445,""modal_scenario"":""Easing + Rate Cuts"",""scenario_confidence"":0.33779488090030274,""unknown_probability"":0.1987516880728099}","{""trend_3m_growth"":0.0011133591686425164,""trend_3m_oil"":-0.036944907947885956,""trend_3m_risk"":0.00014871190712633932,""trend_6m_growth"":-0.001058609365120653,""trend_6m_risk"":0.004674366152626237}","XHB is forecast to underperform ACWI by -0.1% over 6m; main drivers: trend_3m_growth, trend_3m_oil, trend_3m_risk.",Public proxy data uses latest revised vintage; macro features are lagged one month.,Blocked,Blocked,Not exportable,Forecast q is below the minimum materiality threshold (0.0013 < 0.0200),below_materiality,2026-05-31,bl_macro_views_v1,2026-04-30,2026-05-13T18:00:42+00:00
20260430_6m_ACTIVE_XLY,2026-04-30,6,active,Equity Sector,XLY vs ACWI,"{""ACWI"":-1.0,""XLY"":1.0}",2.0,0.004371995628045514,active_return_vs_benchmark,decimal_6m_return,0.25558369411967713,0.031230092549810143,0.17672037955428385,0.02473962334775629,-0.17234838392623833,0.18109237518232937,-0.3490687634805222,0.3578127547366132,forecast_error_var_divided_by_confidence,variance_of_decimal_6m_return,macro_ols_selected_plus_historical_mean,"[""20260430_6m_active_return_vs_benchmark_XLY""]",0.08934149328044547,-0.15530727483639004,0.47368421052631576,-0.0013355718983242507,"{""modal_probability"":0.37112438019678445,""modal_scenario"":""Easing + Rate Cuts"",""scenario_confidence"":0.33779488090030274,""unknown_probability"":0.1987516880728099}","{""accel_growth"":0.006433028635005903,""shock_rates"":-0.0190825261570698,""trend_3m_inflation"":0.003035350741734761,""trend_3m_rates"":0.001489212076646628,""trend_6m_inflation"":0.003354026348558767}","XLY is forecast to outperform ACWI by +0.4% over 6m; main drivers: accel_growth, shock_rates, trend_3m_inflation.",Public proxy data uses latest revised vintage; macro features are lagged one month.,Blocked,Blocked,Not exportable,Forecast q is below the minimum materiality threshold (0.0044 < 0.0200),below_materiality,2026-05-31,bl_macro_views_v1,2026-04-30,2026-05-13T18:00:42+00:00
20260430_6m_ACTIVE_XLE,2026-04-30,6,active,Equity Sector,XLE vs ACWI,"{""ACWI"":-1.0,""XLE"":1.0}",2.0,-0.08219362958724927,active_return_vs_benchmark,decimal_6m_return,0.5550416110426356,0.06156644925525005,0.24812587381256726,-0.33125779397491545,-0.3303195033998165,0.165932244225318,-0.5784453772123838,0.4140581180378853,forecast_error_var_divided_by_confidence,variance_of_decimal_6m_return,macro_ols_selected_plus_historical_mean,"[""20260430_6m_active_return_vs_benchmark_XLE""]",0.18485654216394037,0.4837163680650389,0.7105263157894737,0.2565591932412221,"{""modal_probability"":0.37112438019678445,""modal_scenario"":""Easing + Rate Cuts"",""scenario_confidence"":0.33779488090030274,""unknown_probability"":0.1987516880728099}","{""accel_liquidity"":-0.019615121738294498,""trend_3m_inflation"":-0.00017903190249564456,""trend_3m_oil"":-0.029578498345514216,""trend_6m_dollar"":-0.038989621264233144,""trend_6m_inflation"":-0.01620815407970141}","XLE is forecast to underperform ACWI by -8.2% over 6m; main drivers: accel_liquidity, trend_3m_inflation, trend_3m_oil.",Public proxy data uses latest revised vintage; macro features are lagged one month.,Needs Review,Needs Review,Not exportable,q / view SD is below the evidence threshold (0.33 < 0.50),low_q_over_view_sd,2026-05-31,bl_macro_views_v1,2026-04-30,2026-05-13T18:00:42+00:00
20260430_6m_ACTIVE_DBC,2026-04-30,6,active,Asset Class,DBC vs GSMIF_SAMPLE_POLICY,"{""ACWI"":-0.45,""AGG"":-0.25,""BIL"":-0.05,""DBC"":0.95,""EFA"":-0.05,""GLD"":-0.1,""HYG"":-0.05}",1.9,-0.04277725514168833,active_return_vs_benchmark,decimal_6m_return,0.538490151286978,0.026193035169461965,0.16184262469900185,-0.26431389889558654,-0.2046198798406902,0.11906536955731352,-0.36646250453969204,0.28090799425631535,forecast_error_var_divided_by_confidence,variance_of_decimal_6m_return,macro_ols_selected_plus_historical_mean,"[""20260430_6m_active_return_vs_benchmark_DBC""]",0.11876317388428413,0.6127810204246956,0.7368421052631579,0.20837648170139955,"{""modal_probability"":0.37112438019678445,""modal_scenario"":""Easing + Rate Cuts"",""scenario_confidence"":0.33779488090030274,""unknown_probability"":0.1987516880728099}","{""trend_3m_dollar"":0.009161668612957273,""trend_3m_liquidity"":0.0002128261076288611,""trend_6m_dollar"":-0.04030436123616206,""trend_6m_inflation"":-0.00797586721826732,""trend_6m_liquidity"":-0.011691574546513693}","DBC is forecast to underperform GSMIF_SAMPLE_POLICY by -4.3% over 6m; main drivers: trend_3m_dollar, trend_3m_liquidity, trend_6m_dollar.",Public proxy data uses latest revised vintage; macro features are lagged one month.,Needs Review,Needs Review,Not exportable,q / view SD is below the evidence threshold (0.26 < 0.50),low_q_over_view_sd,2026-05-31,bl_macro_views_v1,2026-04-30,2026-05-13T18:00:42+00:00
20260430_6m_ACTIVE_XLU,2026-04-30,6,active,Equity Sector,XLU vs ACWI,"{""ACWI"":-1.0,""XLU"":1.0}",2.0,0.06477435504109685,active_return_vs_benchmark,decimal_6m_return,0.49060030664638454,0.022920275987111414,0.15139443842860084,0.4278516153791548,-0.08662008338750399,0.2161687934696977,-0.23801452181610483,0.36756323189829854,forecast_error_var_divided_by_confidence,variance_of_decimal_6m_return,macro_ols_selected_plus_historical_mean,"[""20260430_6m_active_return_vs_benchmark_XLU""]",0.10604100352079202,0.15108874902605743,0.4473684210526316,0.023952548328661113,"{""modal_probability"":0.37112438019678445,""modal_scenario"":""Easing + Rate Cuts"",""scenario_confidence"":0.33779488090030274,""unknown_probability"":0.1987516880728099}","{""trend_3m_dollar"":0.007286533356178735,""trend_3m_oil"":0.020594630856036553,""trend_6m_dollar"":0.004760065004484606,""trend_6m_inflation"":0.001842331262341866,""trend_6m_oil"":0.05879875615112993}","XLU is forecast to outperform ACWI by +6.5% over 6m; main drivers: trend_3m_dollar, trend_3m_oil, trend_6m_dollar.",Public proxy data uses latest revised vintage; macro features are lagged one month.,Needs Review,Needs Review,Not exportable,q / view SD is below the evidence threshold (0.43 < 0.50),low_q_over_view_sd,2026-05-31,bl_macro_views_v1,2026-04-30,2026-05-13T18:00:42+00:00
20260430_6m_ACTIVE_XLV,2026-04-30,6,active,Equity Sector,XLV vs ACWI,"{""ACWI"":-1.0,""XLV"":1.0}",2.0,0.04083180398162775,active_return_vs_benchmark,decimal_6m_return,0.4897319128183061,0.01585555049804664,0.12591882503441112,0.32427084647962073,-0.08508702105278337,0.16675062901603888,-0.2110058460871945,0.29266945405045,forecast_error_var_divided_by_confidence,variance_of_decimal_6m_return,macro_ols_selected_plus_historical_mean,"[""20260430_6m_active_return_vs_benchmark_XLV""]",0.08811906192303472,0.3146476175646054,0.5263157894736842,0.03272706547107726,"{""modal_probability"":0.37112438019678445,""modal_scenario"":""Easing + Rate Cuts"",""scenario_confidence"":0.33779488090030274,""unknown_probability"":0.1987516880728099}","{""shock_oil"":0.013594270730492316,""trend_3m_oil"":0.006208636123469915,""trend_3m_rates"":0.0019025648770237488,""trend_6m_inflation"":0.00022603354556226466,""trend_6m_oil"":0.04744446030216978}","XLV is forecast to outperform ACWI by +4.1% over 6m; main drivers: shock_oil, trend_3m_oil, trend_3m_rates.",Public proxy data uses latest revised vintage; macro features are lagged one month.,Needs Review,Needs Review,Not exportable,q / view SD is below the evidence threshold (0.32 < 0.50),low_q_over_view_sd,2026-05-31,bl_macro_views_v1,2026-04-30,2026-05-13T18:00:42+00:00
20260430_6m_ACTIVE_XLP,2026-04-30,6,active,Equity Sector,XLP vs ACWI,"{""ACWI"":-1.0,""XLP"":1.0}",2.0,0.041281304213641956,active_return_vs_benchmark,decimal_6m_return,0.4796472469982973,0.015865151094536914,0.1259569414305417,0.32774139912254313,-0.08467563721689975,0.16723824564418366,-0.21063257864744145,0.29319518707472536,forecast_error_var_divided_by_confidence,variance_of_decimal_6m_return,macro_ols_selected_plus_historical_mean,"[""20260430_6m_active_return_vs_benchmark_XLP""]",0.08723345714636474,0.22747438459222769,0.5263157894736842,0.013689196438138183,"{""modal_probability"":0.37112438019678445,""modal_scenario"":""Easing + Rate Cuts"",""scenario_confidence"":0.33779488090030274,""unknown_probability"":0.1987516880728099}","{""shock_dollar"":0.016166782860576066,""trend_3m_dollar"":0.01241633273412974,""trend_6m_dollar"":-0.013207806305317425,""trend_6m_growth"":0.004456828767953582,""trend_6m_oil"":0.05446856898355784}","XLP is forecast to outperform ACWI by +4.1% over 6m; main drivers: shock_dollar, trend_3m_dollar, trend_6m_dollar.",Public proxy data uses latest revised vintage; macro features are lagged one month.,Needs Review,Needs Review,Not exportable,q / view SD is below the evidence threshold (0.33 < 0.50),low_q_over_view_sd,2026-05-31,bl_macro_views_v1,2026-04-30,2026-05-13T18:00:42+00:00
20260430_6m_ACTIVE_SOXX,2026-04-30,6,active,Equity Sector,SOXX vs ACWI,"{""ACWI"":-1.0,""SOXX"":1.0}",2.0,0.03568958516615728,active_return_vs_benchmark,decimal_6m_return,0.46969224699872375,0.031110583016164362,0.17638192372282474,0.2023426460765994,-0.14069233855666746,0.21207150888898202,-0.3170742622794922,0.38845343261180676,forecast_error_var_divided_by_confidence,variance_of_decimal_6m_return,macro_ols_selected_plus_historical_mean,"[""20260430_6m_active_return_vs_benchmark_SOXX""]",0.12088175893120753,0.2817021204311499,0.7631578947368421,0.05024032376970641,"{""modal_probability"":0.37112438019678445,""modal_scenario"":""Easing + Rate Cuts"",""scenario_confidence"":0.33779488090030274,""unknown_probability"":0.1987516880728099}","{""accel_dollar"":-0.0014727039410389444,""shock_dollar"":-0.028580795148673847,""shock_rates"":-0.011218262160916086,""trend_3m_dollar"":-0.009240290813338797,""trend_6m_dollar"":-0.002579939488453529}","SOXX is forecast to outperform ACWI by +3.6% over 6m; main drivers: accel_dollar, shock_dollar, shock_rates.",Public proxy data uses latest revised vintage; macro features are lagged one month.,Needs Review,Needs Review,Not exportable,q / view SD is below the evidence threshold (0.20 < 0.50),low_q_over_view_sd,2026-05-31,bl_macro_views_v1,2026-04-30,2026-05-13T18:00:42+00:00
20260430_6m_ACTIVE_USMV,2026-04-30,6,active,Style Factor,USMV vs ACWI,"{""ACWI"":-1.0,""USMV"":1.0}",2.0,0.024138307169980097,active_return_vs_benchmark,decimal_6m_return,0.4654707192581485,0.008738965754941368,0.09348243554241283,0.2582122195460835,-0.06934412837243273,0.11762074271239292,-0.16282656391484557,0.21110317825480573,forecast_error_var_divided_by_confidence,variance_of_decimal_6m_return,macro_ols_selected_plus_historical_mean,"[""20260430_6m_active_return_vs_benchmark_USMV""]",0.06377877919437536,0.40609127176464005,0.5,0.020458247492945645,"{""modal_probability"":0.37112438019678445,""modal_scenario"":""Easing + Rate Cuts"",""scenario_confidence"":0.33779488090030274,""unknown_probability"":0.1987516880728099}","{""shock_rates"":0.011374607133086287,""trend_3m_oil"":0.00043823548640637306,""trend_3m_rates"":0.0010787150416945693,""trend_6m_oil"":0.036569179814195725,""trend_6m_rates"":-0.0001331719362332143}","USMV is forecast to outperform ACWI by +2.4% over 6m; main drivers: shock_rates, trend_3m_oil, trend_3m_rates.",Public proxy data uses latest revised vintage; macro features are lagged one month.,Needs Review,Needs Review,Not exportable,q / view SD is below the evidence threshold (0.26 < 0.50),low_q_over_view_sd,2026-05-31,bl_macro_views_v1,2026-04-30,2026-05-13T18:00:42+00:00
20260430_6m_REL_GLD_SPY,2026-04-30,6,relative,Cross asset,GLD - SPY,"{""GLD"":1.0,""SPY"":-1.0}",2.0,0.08035113344954563,relative_spread_return,decimal_6m_return,0.45883161509673526,0.04715321931845038,0.21714792036409278,0.3700294864202271,-0.13679678691454716,0.2974990538136384,-0.3539447072786399,0.5146469741777312,relative_error_var_sum_divided_by_confidence,variance_of_decimal_6m_return,macro_ols_selected_plus_historical_mean,"[""20260430_6m_active_return_vs_benchmark_GLD"",""20260430_6m_active_return_vs_benchmark_SPY""]",0.14708972695907477,0.3079390006489457,0.736842105263158,0.08446594453650151,"{""modal_probability"":0.37112438019678445,""modal_scenario"":""Easing + Rate Cuts"",""scenario_confidence"":0.33779488090030274,""unknown_probability"":0.1987516880728099}","{""long"":{""trend_3m_dollar"":-0.004560959730570494,""trend_3m_liquidity"":-0.000659441393709951,""trend_6m_dollar"":0.03269566387208163,""trend_6m_inflation"":0.011528933287523148,""trend_6m_liquidity"":0.02328351740097543},""short"":{""trend_3m_dollar"":-0.004366390543812357,""trend_3m_oil"":-0.005262039621800145,""trend_6m_dollar"":0.0026773860848388624,""trend_6m_oil"":0.010997272317417582,""trend_6m_risk"":-0.002388826048297426}}",GLD is forecast to outperform SPY by +8.0% over 6m.,Relative view uses diagonal residual-error approximation in v1.,Needs Review,Needs Review,Not exportable,Confidence is below the candidate threshold (0.459 < 0.550),low_confidence,2026-05-31,bl_macro_views_v1,2026-04-30,2026-05-13T18:00:42+00:00
20260430_6m_REL_DBC_SPY,2026-04-30,6,relative,Cross asset,DBC - SPY,"{""DBC"":1.0,""SPY"":-1.0}",2.0,-0.05413189570442416,relative_spread_return,decimal_6m_return,0.45883161509673526,0.032391052221412406,0.1799751433432195,-0.3007742885982458,-0.23410703904764368,0.12584324763879534,-0.4140821823908632,0.30581839098201485,relative_error_var_sum_divided_by_confidence,variance_of_decimal_6m_return,macro_ols_selected_plus_historical_mean,"[""20260430_6m_active_return_vs_benchmark_DBC"",""20260430_6m_active_return_vs_benchmark_SPY""]",0.121909961879386,0.29308761271105105,0.7236842105263157,0.08574104784105295,"{""modal_probability"":0.37112438019678445,""modal_scenario"":""Easing + Rate Cuts"",""scenario_confidence"":0.33779488090030274,""unknown_probability"":0.1987516880728099}","{""long"":{""trend_3m_dollar"":0.009161668612957273,""trend_3m_liquidity"":0.0002128261076288611,""trend_6m_dollar"":-0.04030436123616206,""trend_6m_inflation"":-0.00797586721826732,""trend_6m_liquidity"":-0.011691574546513693},""short"":{""trend_3m_dollar"":-0.004366390543812357,""trend_3m_oil"":-0.005262039621800145,""trend_6m_dollar"":0.0026773860848388624,""trend_6m_oil"":0.010997272317417582,""trend_6m_risk"":-0.002388826048297426}}",DBC is forecast to underperform SPY by -5.4% over 6m.,Relative view uses diagonal residual-error approximation in v1.,Needs Review,Needs Review,Not exportable,Confidence is below the candidate threshold (0.459 < 0.550),low_confidence,2026-05-31,bl_macro_views_v1,2026-04-30,2026-05-13T18:00:42+00:00
20260430_6m_ACTIVE_XLK,2026-04-30,6,active,Equity Sector,XLK vs ACWI,"{""ACWI"":-1.0,""XLK"":1.0}",2.0,0.02496348951348517,active_return_vs_benchmark,decimal_6m_return,0.45832202831232716,0.012921122368446834,0.1136711149256786,0.21961154801557992,-0.08870762541219343,0.13863460443916378,-0.20237874033787204,0.25230571936484236,forecast_error_var_divided_by_confidence,variance_of_decimal_6m_return,macro_ols_selected_plus_historical_mean,"[""20260430_6m_active_return_vs_benchmark_XLK""]",0.07695475951478462,0.1923491788340018,0.7105263157894737,0.010678794427562803,"{""modal_probability"":0.37112438019678445,""modal_scenario"":""Easing + Rate Cuts"",""scenario_confidence"":0.33779488090030274,""unknown_probability"":0.1987516880728099}","{""accel_dollar"":-0.004421651666121512,""shock_dollar"":-0.02151323528996862,""shock_rates"":-0.00605689765408707,""trend_3m_dollar"":0.009398309927059603,""trend_6m_liquidity"":0.002609021447058911}","XLK is forecast to outperform ACWI by +2.5% over 6m; main drivers: accel_dollar, shock_dollar, shock_rates.",Public proxy data uses latest revised vintage; macro features are lagged one month.,Needs Review,Needs Review,Not exportable,q / view SD is below the evidence threshold (0.22 < 0.50),low_q_over_view_sd,2026-05-31,bl_macro_views_v1,2026-04-30,2026-05-13T18:00:42+00:00
20260430_6m_ACTIVE_CORN,2026-04-30,6,active,Commodity,CORN vs DBC,"{""CORN"":1.0,""DBC"":-1.0}",2.0,-0.02194295761533681,active_return_vs_benchmark,decimal_6m_return,0.44406350476840534,0.0221506983548235,0.14883110681179354,-0.14743529148839216,-0.17077406442713033,0.12688814919645675,-0.3196051712389239,0.27571925600825026,forecast_error_var_divided_by_confidence,variance_of_decimal_6m_return,macro_ols_selected_plus_historical_mean,"[""20260430_6m_active_return_vs_benchmark_CORN""]",0.09917820700391126,0.4297546207014306,0.7105263157894737,0.09381713862873772,"{""modal_probability"":0.37112438019678445,""modal_scenario"":""Easing + Rate Cuts"",""scenario_confidence"":0.33779488090030274,""unknown_probability"":0.1987516880728099}","{""accel_inflation"":-0.002458095576319765,""trend_3m_inflation"":0.006575548036971022,""trend_6m_dollar"":0.015411624653850974,""trend_6m_growth"":0.004945791512903649,""trend_6m_liquidity"":-0.006632031825781379}","CORN is forecast to underperform DBC by -2.2% over 6m; main drivers: accel_inflation, trend_3m_inflation, trend_6m_dollar.",Public proxy data uses latest revised vintage; macro features are lagged one month.,Needs Review,Needs Review,Not exportable,Confidence is below the candidate threshold (0.444 < 0.450),low_confidence,2026-05-31,bl_macro_views_v1,2026-04-30,2026-05-13T18:00:42+00:00
20260430_6m_ACTIVE_MTUM,2026-04-30,6,active,Style Factor,MTUM vs ACWI,"{""ACWI"":-1.0,""MTUM"":1.0}",2.0,0.025636361886248828,active_return_vs_benchmark,decimal_6m_return,0.43448090702300074,0.010576793961431975,0.10284354117508777,0.24927537104740255,-0.07720717928883894,0.1284799030613366,-0.18005072046392673,0.23132344423642437,forecast_error_var_divided_by_confidence,variance_of_decimal_6m_return,macro_ols_selected_plus_historical_mean,"[""20260430_6m_active_return_vs_benchmark_MTUM""]",0.0677894905848861,0.04450225005912857,0.6,-0.009602755440491906,"{""modal_probability"":0.37112438019678445,""modal_scenario"":""Easing + Rate Cuts"",""scenario_confidence"":0.33779488090030274,""unknown_probability"":0.1987516880728099}","{""accel_liquidity"":0.004294177973227234,""accel_risk"":0.008994668888180981,""trend_3m_dollar"":0.006974667656411802,""trend_6m_dollar"":-0.0008701605556520091,""trend_6m_liquidity"":0.0014807909039506685}","MTUM is forecast to outperform ACWI by +2.6% over 6m; main drivers: accel_liquidity, accel_risk, trend_3m_dollar.",Public proxy data uses latest revised vintage; macro features are lagged one month.,Needs Review,Needs Review,Not exportable,Confidence is below the candidate threshold (0.434 < 0.450),low_confidence,2026-05-31,bl_macro_views_v1,2026-04-30,2026-05-13T18:00:42+00:00
20260430_6m_REL_XLU_XLI,2026-04-30,6,relative,US sectors,XLU - XLI,"{""XLI"":-1.0,""XLU"":1.0}",2.0,0.04708341773292774,relative_spread_return,decimal_6m_return,0.43353691481355544,0.03122015479888752,0.176692260155581,0.26647130831576815,-0.12960884242265328,0.22377567788850874,-0.3063011025782343,0.40046793804408976,relative_error_var_sum_divided_by_confidence,variance_of_decimal_6m_return,macro_ols_selected_plus_historical_mean,"[""20260430_6m_active_return_vs_benchmark_XLU"",""20260430_6m_active_return_vs_benchmark_XLI""]",0.11634040395112659,0.13878508880094526,0.5,0.0169939318718458,"{""modal_probability"":0.37112438019678445,""modal_scenario"":""Easing + Rate Cuts"",""scenario_confidence"":0.33779488090030274,""unknown_probability"":0.1987516880728099}","{""long"":{""trend_3m_dollar"":0.007286533356178735,""trend_3m_oil"":0.020594630856036553,""trend_6m_dollar"":0.004760065004484606,""trend_6m_inflation"":0.001842331262341866,""trend_6m_oil"":0.05879875615112993},""short"":{""accel_dollar"":0.002551785814045329,""trend_3m_rates"":0.005366725286706799,""trend_6m_dollar"":-0.006846666972748252,""trend_6m_growth"":0.002266323122944531,""trend_6m_liquidity"":-0.0013553732670391172}}",XLU is forecast to outperform XLI by +4.7% over 6m.,Relative view uses diagonal residual-error approximation in v1.,Needs Review,Needs Review,Not exportable,Confidence is below the candidate threshold (0.434 < 0.550),low_confidence,2026-05-31,bl_macro_views_v1,2026-04-30,2026-05-13T18:00:42+00:00
20260430_6m_ACTIVE_CPER,2026-04-30,6,active,Commodity,CPER vs DBC,"{""CPER"":1.0,""DBC"":-1.0}",2.0,0.03326674383614249,active_return_vs_benchmark,decimal_6m_return,0.38799132252716784,0.06212021800518171,0.24923927861631623,0.13347311876694187,-0.21597253478017375,0.2825060224524587,-0.46521181339649,0.5317453010687749,forecast_error_var_divided_by_confidence,variance_of_decimal_6m_return,macro_ols_selected_plus_historical_mean,"[""20260430_6m_active_return_vs_benchmark_CPER""]",0.15524852830061364,0.21469550324307146,0.5833333333333334,0.06233536637889421,"{""modal_probability"":0.37112438019678445,""modal_scenario"":""Easing + Rate Cuts"",""scenario_confidence"":0.33779488090030274,""unknown_probability"":0.1987516880728099}","{""trend_3m_inflation"":-0.0046116493256088105,""trend_3m_oil"":0.0016787988938465998,""trend_6m_dollar"":0.0164251599246791,""trend_6m_inflation"":0.005798282922858265,""trend_6m_risk"":0.0024398316934885257}","CPER is forecast to outperform DBC by +3.3% over 6m; main drivers: trend_3m_inflation, trend_3m_oil, trend_6m_dollar.",Public proxy data uses latest revised vintage; macro features are lagged one month.,Needs Review,Needs Review,Not exportable,Confidence is below the candidate threshold (0.388 < 0.450),low_confidence,2026-05-31,bl_macro_views_v1,2026-04-30,2026-05-13T18:00:42+00:00
20260430_6m_ACTIVE_USO,2026-04-30,6,active,Commodity,USO vs DBC,"{""DBC"":-1.0,""USO"":1.0}",2.0,-0.024222168801154464,active_return_vs_benchmark,decimal_6m_return,0.3672289138066288,0.07645598540785241,0.2765067547237362,-0.0876006404449517,-0.30072892352489067,0.25228458592258174,-0.5772356782486269,0.5287913406463179,forecast_error_var_divided_by_confidence,variance_of_decimal_6m_return,macro_ols_selected_plus_historical_mean,"[""20260430_6m_active_return_vs_benchmark_USO""]",0.16756147670434604,0.24549581140884286,0.631578947368421,0.14855114345805948,"{""modal_probability"":0.37112438019678445,""modal_scenario"":""Easing + Rate Cuts"",""scenario_confidence"":0.33779488090030274,""unknown_probability"":0.1987516880728099}","{""trend_3m_dollar"":0.00776832027707814,""trend_6m_dollar"":-0.029256620100302222,""trend_6m_growth"":-0.003915460878926056,""trend_6m_inflation"":-0.006274338179576934,""trend_6m_risk"":0.002483803002531081}","USO is forecast to underperform DBC by -2.4% over 6m; main drivers: trend_3m_dollar, trend_6m_dollar, trend_6m_growth.",Public proxy data uses latest revised vintage; macro features are lagged one month.,Needs Review,Needs Review,Not exportable,Confidence is below the candidate threshold (0.367 < 0.450),low_confidence,2026-05-31,bl_macro_views_v1,2026-04-30,2026-05-13T18:00:42+00:00
20260430_6m_REL_MTUM_VLUE,2026-04-30,6,relative,Style,MTUM - VLUE,"{""MTUM"":1.0,""VLUE"":-1.0}",2.0,0.030509841319803672,relative_spread_return,decimal_6m_return,0.3587163953426862,0.0244354234218465,0.1563183400047688,0.1951776184347461,-0.12580849868496513,0.18682818132457246,-0.2821268386897339,0.34314652132934126,relative_error_var_sum_divided_by_confidence,variance_of_decimal_6m_return,macro_ols_selected_plus_historical_mean,"[""20260430_6m_active_return_vs_benchmark_MTUM"",""20260430_6m_active_return_vs_benchmark_VLUE""]",0.09362364556327116,0.2714527625939545,0.6166666666666667,0.02654326494564414,"{""modal_probability"":0.37112438019678445,""modal_scenario"":""Easing + Rate Cuts"",""scenario_confidence"":0.33779488090030274,""unknown_probability"":0.1987516880728099}","{""long"":{""accel_liquidity"":0.004294177973227234,""accel_risk"":0.008994668888180981,""trend_3m_dollar"":0.006974667656411802,""trend_6m_dollar"":-0.0008701605556520091,""trend_6m_liquidity"":0.0014807909039506685},""short"":{""accel_liquidity"":-0.005796388346015689,""accel_oil"":0.010935599886523662,""trend_3m_dollar"":0.0001695314461966176,""trend_6m_dollar"":-0.021565717277915845,""trend_6m_liquidity"":-0.003613068694397839}}",MTUM is forecast to outperform VLUE by +3.1% over 6m.,Relative view uses diagonal residual-error approximation in v1.,Needs Review,Needs Review,Not exportable,Confidence is below the candidate threshold (0.359 < 0.550),low_confidence,2026-05-31,bl_macro_views_v1,2026-04-30,2026-05-13T18:00:42+00:00
20260430_6m_REL_XLE_XLY,2026-04-30,6,relative,US sectors,XLE - XLY,"{""XLE"":1.0,""XLY"":-1.0}",2.0,-0.08656562521529478,relative_spread_return,decimal_6m_return,0.25558369411967713,0.1649316625913154,0.40611779398508924,-0.21315398265576382,-0.492683419200384,0.3195521687697945,-0.8988012131854732,0.7256699627548837,relative_error_var_sum_divided_by_confidence,variance_of_decimal_6m_return,macro_ols_selected_plus_historical_mean,"[""20260430_6m_active_return_vs_benchmark_XLE"",""20260430_6m_active_return_vs_benchmark_XLY""]",0.2053140121920288,0.16420454661432443,0.5921052631578947,0.12761181067144894,"{""modal_probability"":0.37112438019678445,""modal_scenario"":""Easing + Rate Cuts"",""scenario_confidence"":0.33779488090030274,""unknown_probability"":0.1987516880728099}","{""long"":{""accel_liquidity"":-0.019615121738294498,""trend_3m_inflation"":-0.00017903190249564456,""trend_3m_oil"":-0.029578498345514216,""trend_6m_dollar"":-0.038989621264233144,""trend_6m_inflation"":-0.01620815407970141},""short"":{""accel_growth"":0.006433028635005903,""shock_rates"":-0.0190825261570698,""trend_3m_inflation"":0.003035350741734761,""trend_3m_rates"":0.001489212076646628,""trend_6m_inflation"":0.003354026348558767}}",XLE is forecast to underperform XLY by -8.7% over 6m.,Relative view uses diagonal residual-error approximation in v1.,Needs Review,Needs Review,Not exportable,Confidence is below the candidate threshold (0.256 < 0.550),low_confidence,2026-05-31,bl_macro_views_v1,2026-04-30,2026-05-13T18:00:42+00:00
