date,risk,growth,inflation,rates,liquidity,dollar,oil
2008-01-31,,155.80525344151516,113.63570572826556,2.17,7517.5,19.451038360595703,578.7999877929688
2008-02-29,,153.0410616271799,113.84158458320296,1.65,7604.0,19.0444278717041,643.3599853515625
2008-03-31,59.406724961810895,153.62023420091552,112.18209491164052,1.62,7670.0,18.58802604675293,650.8800048828125
2008-04-30,65.72941721054261,159.33973091597065,113.35220852507962,2.29,7712.5,18.76228904724121,740.0
2008-05-31,67.49689101018653,156.00733021892214,115.5266610900456,2.66,7725.2,18.845266342163086,824.47998046875
2008-06-30,61.40208998312481,145.5418366312313,116.26171382397492,2.63,7743.9,18.662708282470703,909.280029296875
2008-07-31,59.03847550741743,143.21715629299402,114.72636310177404,2.52,7791.2,18.853567123413086,799.9199829101562
2008-08-31,57.17868423046786,143.27486861392626,113.88343123261959,2.36,7805.8,19.865951538085938,742.9600219726562
2008-09-30,50.23853049283307,127.57535385291204,109.45676250587631,2.0,7872.4,20.280860900878906,656.0800170898438
2008-10-31,41.3482110012288,119.34482079050929,101.47776905213426,1.56,7974.9,21.990297317504883,444.7200012207031
2008-11-30,35.012836980267686,109.76124173574752,95.00147169544869,1.0,8027.0,22.031787872314453,336.7200012207031
2008-12-31,35.115707660350516,112.296495857018,96.21865604008461,0.76,8204.7,20.626041412353516,264.79998779296875
2009-01-31,32.37743852641526,106.49659635524617,100.0697724620682,0.94,8289.0,21.678647994995117,233.75999450683594
2009-02-28,29.449676092554995,96.12800221135055,98.5952290808153,1.0,8319.3,22.121408462524414,216.39999389648438
2009-03-31,31.131396642939666,100.34094913831741,101.06909869308961,0.81,8386.4,21.4196720123291,232.39999389648438
2009-04-30,36.10042228465735,113.624389172848,102.05646428742672,0.91,8391.1,21.169050216674805,229.0399932861328
2009-05-31,40.731736133634364,111.74736346962008,106.30239605921417,0.92,8449.2,19.82405662536621,291.20001220703125
2009-06-30,40.33828046998969,109.62483648223947,107.10985958365069,1.11,8459.3,19.966073989868164,303.44000244140625
2009-07-31,43.77528895608324,111.77114249570555,106.31969636758981,1.13,8463.5,19.48154067993164,294.4800109863281
2009-08-31,44.73290281349329,115.69142697563765,106.40199083300412,0.97,8463.0,19.431415557861328,288.3999938964844
2009-09-30,46.38694143602814,118.51663181549006,107.34747843682568,0.95,8461.6,19.03877830505371,289.5199890136719
2009-10-31,45.19707620691237,112.16218303045221,108.72598774422937,0.9,8487.9,18.963594436645508,314.55999755859375
2009-11-30,46.69461973062421,117.6798638399586,109.55971622645814,0.67,8517.0,18.520828247070312,313.20001220703125
2009-12-31,49.760548548177624,119.91552655703211,112.21124117667782,1.14,8512.2,19.28104591369629,314.239990234375
2010-01-31,46.033733411741444,119.36384157187382,111.2905431335539,0.82,8477.7,19.59014320373535,285.1199951171875
2010-02-28,46.87811670661516,121.86806268374734,109.47694165661325,0.81,8527.3,19.748868942260742,310.55999755859375
2010-03-31,50.377735845849685,127.65280370319167,110.64002329645156,1.02,8523.5,19.882532119750977,322.32000732421875
2010-04-30,49.44468716296242,134.5324740289918,111.57841910532618,0.97,8554.8,20.016197204589844,330.6400146484375
2010-05-31,43.53206124007065,128.20396012130985,108.60677074659957,0.76,8609.0,21.169050216674805,272.32000732421875
2010-06-30,40.741213263307756,122.49041422375191,106.74297263493288,0.61,8628.1,20.935138702392578,271.67999267578125
2010-07-31,44.14289838745966,127.84200509239213,105.52382106180914,0.55,8639.5,19.83241081237793,282.7200012207031
2010-08-31,40.88105584129021,121.2253411570024,104.08011037799069,0.47,8687.9,20.14986228942871,255.36000061035156
2010-09-30,44.8925980491886,127.50044231726068,104.90079846845767,0.42,8718.7,19.080551147460938,278.7200012207031
2010-10-31,46.5790279542166,127.11120461910718,107.50398387441601,0.34,8768.4,18.68791389465332,281.3599853515625
2010-11-30,45.9737130494581,130.85648492894526,106.64215724196112,0.45,8789.0,19.631912231445312,288.32000732421875
2010-12-31,51.31666516486949,134.7134041088715,108.89851756142531,0.61,8823.2,18.971946716308594,312.0
2011-01-31,51.87582384385683,142.09075238861692,108.94195206697721,0.58,8849.0,18.679555892944336,308.8800048828125
2011-02-28,53.59948188835817,141.00839289404212,109.95656549792395,0.69,8913.3,18.453998565673828,313.5199890136719
2011-03-31,53.220165292046595,142.37950783431305,111.43739564305551,0.8,8971.5,18.203378677368164,340.79998779296875
2011-04-30,54.775829879201815,138.8475420803485,112.02483547350042,0.61,9035.1,17.501644134521484,361.20001220703125
2011-05-31,52.393262339704066,131.70752558490088,109.57716872155851,0.45,9107.8,17.827449798583984,324.0
2011-06-30,51.73151713155094,134.57492851084433,110.96401468831264,0.45,9182.1,17.72719955444336,297.9200134277344
2011-07-31,48.99911116788282,126.94974949655747,111.74918967251593,0.36,9344.2,17.56847381591797,299.3599853515625
2011-08-31,43.37545721225634,118.37327641515267,107.46951579238596,0.2,9531.0,17.60188865661621,276.0799865722656
2011-09-30,37.99726441767097,111.011113257024,105.10886117357437,0.25,9551.5,18.637786865234375,243.9199981689453
2011-10-31,42.85140952848411,121.32274183178725,108.68339693819804,0.25,9584.4,18.019590377807617,285.9200134277344
2011-11-30,42.1151906403083,119.71212446741818,108.62427218107888,0.25,9636.5,18.428937911987305,310.239990234375
2011-12-31,40.90198500073198,116.78134254104482,106.68197444838438,0.25,9683.9,18.771451950073242,304.8800048828125
2012-01-31,42.77382264326765,127.1279244834615,108.19039664571604,0.22,9757.6,18.479061126708984,302.55999755859375
2012-02-29,45.38862540009235,125.95402585106096,108.76113600224414,0.3,9809.8,18.345396041870117,327.3599853515625
2012-03-31,46.63635635715787,123.36175774335734,109.56986718179179,0.33,9853.9,18.303627014160156,313.8399963378906
2012-04-30,44.97432773984714,121.65317740926247,108.79554890481101,0.27,9907.7,18.220083236694336,317.44000244140625
2012-05-31,39.662631711929045,115.31099775245066,107.81919006287396,0.27,9951.4,19.205860137939453,260.8800048828125
2012-06-30,41.84779847802672,115.01250168352836,107.54357804876213,0.33,10021.6,18.771451950073242,254.63999938964844
2012-07-31,41.60822781002797,112.67698016931462,107.91844000962493,0.23,10074.5,18.971946716308594,261.44000244140625
2012-08-31,42.81552881857872,114.95601302872284,107.77820490440702,0.22,10145.6,18.629432678222656,287.1199951171875
2012-09-30,44.12765803139829,114.23432727540342,108.7084379450434,0.23,10226.1,18.311979293823242,272.9599914550781
2012-10-31,44.075365430745,115.5279807470318,109.82187357698955,0.3,10292.4,18.286916732788086,254.24000549316406
2012-11-30,44.3433554294337,115.43400702065325,109.36382928802536,0.25,10361.9,18.311979293823242,260.4800109863281
2012-12-31,46.06432233122672,121.20929949207418,109.49483434190427,0.25,10484.1,18.220083236694336,266.9599914550781
2013-01-31,48.4246234793991,121.33241323086996,110.35365397437985,0.27,10508.1,18.06136131286621,282.239990234375
2013-02-28,47.834370417942075,120.05412536922867,109.32559608114089,0.25,10527.5,18.68791389465332,264.4800109863281
2013-03-31,48.568402085763516,117.12977025665349,109.24712351655101,0.25,10583.8,18.88005256652832,278.0
2013-04-30,49.19614878038682,112.93779103008015,108.4583353071796,0.22,10611.3,18.54589080810547,265.2799987792969
2013-05-31,50.578089978852994,121.24069123688389,107.24021920973357,0.3,10646.1,18.888410568237305,260.8800048828125
2013-06-30,50.54928239398856,119.73061065947658,105.85826824530443,0.36,10703.3,18.846637725830078,273.44000244140625
2013-07-31,53.05152798889867,121.5370776771531,107.19108864910356,0.31,10742.8,18.453998565673828,298.8800048828125
2013-08-31,52.582040327603345,124.162554856196,106.75209125360607,0.39,10801.2,18.537540435791016,307.8399963378906
2013-09-30,54.48871320241412,129.6692000166924,106.65783847066558,0.33,10862.0,18.069713592529297,294.79998779296875
2013-10-31,56.20402622453808,127.66442965654208,106.1985262924669,0.31,10986.3,18.069713592529297,277.5199890136719
2013-11-30,57.58101806675245,130.30752535154562,106.0052774036194,0.28,10995.6,18.128192901611328,267.67999267578125
2013-12-31,60.0274510528219,134.87419454187352,106.69605248430564,0.38,11060.1,17.977821350097656,282.55999755859375
2014-01-31,55.54440005092198,136.15138467065276,105.70076480899361,0.34,11130.8,18.23679542541504,278.3999938964844
2014-02-28,58.22718142082624,136.356750354801,105.78413431580123,0.33,11196.8,17.860862731933594,293.9200134277344
2014-03-31,58.88998444072166,134.70699768807953,105.81468169421858,0.44,11232.6,17.92769432067871,292.7200012207031
2014-04-30,59.1404182438185,132.86788038971685,106.40479307423796,0.42,11277.7,17.777326583862305,290.55999755859375
2014-05-31,59.24520592596674,133.01811691388144,106.58877204983297,0.37,11342.8,17.936052322387695,301.44000244140625
2014-06-30,60.453418322110664,133.98915869557166,107.21523088351586,0.47,11398.1,17.760618209838867,311.0400085449219
2014-07-31,59.712348187821824,132.86910171387035,107.3532398221742,0.53,11453.0,18.161609649658203,290.55999755859375
2014-08-31,60.12020021362557,132.37693969512333,106.01214165668439,0.48,11477.3,18.39552116394043,286.0799865722656
2014-09-30,58.74323636297452,130.09340776621775,104.35605715898038,0.58,11519.1,19.10561180114746,275.2799987792969
2014-10-31,58.55182922966571,130.50657219635707,103.70340373371704,0.5,11593.1,19.289398193359375,245.0399932861328
2014-11-30,58.60210301446404,127.45782281906835,102.54698130161708,0.47,11634.2,19.606849670410156,204.63999938964844
2014-12-31,57.146471313223344,128.6338779616891,101.33774801467501,0.67,11717.6,20.024551391601562,162.8800048828125
2015-01-31,54.068092674257954,125.27853141118084,100.29773034178173,0.47,11805.2,20.99361801147461,142.55999755859375
2015-02-28,58.49217683980715,126.73020114876634,101.51450923314837,0.63,11922.8,21.052095413208008,144.8000030517578
2015-03-31,57.14829073955735,125.950294574749,100.16785265405171,0.56,11920.5,21.63687515258789,134.72000122070312
2015-04-30,59.1605094708866,126.5952003658732,101.48931824865753,0.58,11954.6,20.809825897216797,164.0800018310547
2015-05-31,59.40781104175996,125.91154421532104,100.88872915549902,0.61,11982.6,21.269298553466797,162.47999572753906
2015-06-30,58.83561746650245,124.85935583070878,101.51049857433175,0.64,12023.2,20.910078048706055,159.0399932861328
2015-07-31,58.43333261835187,118.48322693972413,100.52772933905136,0.67,12067.0,21.244237899780273,124.72000122070312
2015-08-31,54.41287442123127,119.18776116354887,99.49424769915262,0.74,12112.0,20.935138702392578,127.12000274658203
2015-09-30,51.725756834221166,116.10812865513964,97.43511493149147,0.64,12173.9,20.968557357788086,117.44000244140625
2015-10-31,56.043191262424024,119.49030234118545,98.35398777684888,0.75,12225.2,21.0938663482666,118.4800033569336
2015-11-30,55.98342235400432,121.64697510147064,98.63399899342423,0.94,12317.0,21.78724479675293,103.44000244140625
2015-12-31,55.05395949557765,115.15779155432959,98.08128214503752,1.06,12387.9,21.428022384643555,88.0
2016-01-31,50.45266536718685,108.01955369987884,96.40559296816451,0.76,12518.5,21.603458404541016,77.19999694824219
2016-02-29,49.09321260973819,112.2682391146636,96.15374785808864,0.78,12603.9,21.294361114501953,72.0
2016-03-31,52.75833840604961,114.66407893076742,97.82146915025928,0.73,12661.8,20.500730514526367,77.5999984741211
2016-04-30,53.54778871097469,117.77737980650781,98.17954778940795,0.77,12743.2,20.13315200805664,90.4000015258789
2016-05-31,53.78022910479423,116.47233963523641,97.64405167786494,0.87,12802.0,20.7513484954834,94.95999908447266
2016-06-30,52.14354738817829,111.33695374341389,96.84960868715945,0.58,12852.5,20.7513484954834,92.55999755859375
2016-07-31,53.97640808334791,116.32137310871633,97.22852954065534,0.67,12911.9,20.609333038330078,78.08000183105469
2016-08-31,54.71480772734236,118.11465154795745,97.88541295205454,0.8,12989.7,20.734642028808594,82.87999725341797
2016-09-30,55.09798148271469,120.19205043112277,98.38669663438138,0.77,13054.9,20.617687225341797,87.44000244140625
2016-10-31,54.864545667018035,118.69786369019451,99.3394025664977,0.86,13122.8,21.235883712768555,84.23999786376953
2016-11-30,57.8790941699775,135.17000500909572,101.57543299232924,1.11,13208.7,21.92926597595215,87.44000244140625
2016-12-31,59.084834394934354,131.63905594255542,101.6545975212582,1.2,13234.9,22.104698181152344,93.76000213623047
2017-01-31,60.669220085437374,131.8494753018318,102.33726165604838,1.19,13315.7,21.494855880737305,90.55999755859375
2017-02-28,61.746909689158315,130.76741425505475,102.02032340410312,1.22,13394.8,21.81230926513672,91.5999984741211
2017-03-31,62.527498946677774,130.31710197620473,101.93823797327582,1.27,13463.6,21.678647994995117,85.12000274658203
2017-04-30,62.838896910553245,131.43611938075824,101.27381438048349,1.28,13521.7,21.361194610595703,81.91999816894531
2017-05-31,63.70041719120468,130.32574301887573,100.40310809857473,1.28,13568.9,20.951847076416016,79.68000030517578
2017-06-30,64.53061841802645,135.131896495773,100.04235118486865,1.38,13580.5,20.676164627075195,76.0
2017-07-31,66.04686552921522,134.59773847468762,100.12869407500904,1.34,13643.1,20.108089447021484,82.23999786376953
2017-08-31,65.3592586531522,136.3973613782076,99.71419393052844,1.33,13697.7,20.074674606323242,77.04000091552734
2017-09-30,67.56203404205351,143.12815763818102,100.46235648225385,1.47,13745.1,20.19998550415039,83.44000244140625
2017-10-31,69.14562293262898,146.61385329852786,100.89017632773358,1.6,13800.1,20.534147262573242,87.44000244140625
2017-11-30,70.73987393771726,144.65677301859267,101.2600056183649,1.78,13843.5,20.208341598510742,91.76000213623047
2017-12-31,71.63346325672262,144.45232937510187,102.01871322774531,1.89,13881.7,20.09359359741211,96.08000183105469
2018-01-31,77.38130733877908,149.75471412015904,103.37401773211258,2.14,13900.3,19.441368103027344,103.83999633789062
2018-02-28,74.61446294734188,155.85698530014608,103.26874735968505,2.25,13949.3,19.80929183959961,98.95999908447266
2018-03-31,72.65738566376211,153.05519485512434,103.11959346636735,2.27,14012.7,19.742395401000977,104.72000122070312
2018-04-30,73.89453395043434,155.2199324156657,104.31579466057566,2.49,14035.9,20.177209854125977,110.4000015258789
2018-05-31,73.51855511257574,162.53640248214057,103.63721888699483,2.4,14092.4,20.704011917114258,108.4000015258789
2018-06-30,72.94421061748885,150.16692400099896,104.10259386791554,2.52,14137.2,20.854524612426758,120.4800033569336
2018-07-31,75.57899888258105,155.11615357267638,104.09732627865706,2.67,14174.6,20.887971878051758,114.23999786376953
2018-08-31,75.34092113199094,154.87203456543523,103.71684399200416,2.62,14223.2,21.06357192993164,117.68000030517578
2018-09-30,76.72479740316915,156.69722444448115,103.9631013824084,2.81,14245.5,21.122102737426758,124.16000366210938
2018-10-31,71.23747918985839,136.92634254807092,102.69489177636949,2.87,14256.6,21.590370178222656,110.31999969482422
2018-11-30,71.41718541849903,138.98038746261238,101.8324577543637,2.8,14282.8,21.67399024963379,85.83999633789062
2018-12-31,64.46026735642381,136.31864752988707,99.58102133674726,2.48,14386.8,21.509845733642578,77.27999877929688
2019-01-31,69.19287498538891,144.46999825492742,100.34475234751439,2.45,14459.7,21.459131240844727,90.80000305175781
2019-02-28,71.27430006770099,150.9826340842773,100.70231288789019,2.52,14506.3,21.670429229736328,95.5999984741211
2019-03-31,70.52559743689014,143.75156920675897,100.03522190222353,2.27,14557.5,22.000051498413086,100.0
2019-04-30,73.32018880997231,145.31720839251957,100.77897196735637,2.27,14594.7,22.11837387084961,106.31999969482422
2019-05-31,66.8316443106368,139.2832754406257,99.51113803805936,1.95,14704.4,22.24515151977539,88.80000305175781
2019-06-30,70.31348685019624,142.8585455825148,99.05121012221223,1.75,14802.8,21.949337005615234,96.31999969482422
2019-07-31,70.33433157781495,140.31058915996627,99.32543755765936,1.89,14886.8,22.591676712036133,96.31999969482422
2019-08-31,66.16538818743814,133.6943860018682,97.77687707936718,1.5,14974.4,22.71000099182129,91.68000030517578
2019-09-30,68.46344211804542,135.3500866078964,97.85575177395768,1.63,15047.0,22.904394149780273,90.72000122070312
2019-10-31,70.20674891644836,137.46632694310185,97.64365368732992,1.52,15184.1,22.473350524902344,90.4000015258789
2019-11-30,72.34394945794594,141.70096416245394,98.60738891735926,1.61,15296.0,22.743806838989258,92.95999908447266
2019-12-31,75.53497029103603,138.08438330274043,99.87612861713716,1.58,15347.5,22.388757705688477,102.4800033569336
2020-01-31,71.95461118278236,137.0389834652061,98.59253467573836,1.33,15427.1,22.6560115814209,86.72000122070312
2020-02-29,64.65087583946796,134.52242567080546,96.63975038067795,0.86,15493.4,22.87153434753418,75.5999984741211
2020-03-31,53.9720113689212,115.87675660816869,91.53339529341848,0.23,16033.0,23.130165100097656,33.68000030517578
2020-04-30,59.11419981915863,117.88548985867837,94.04674543413397,0.2,17065.3,23.09568214416504,19.1200008392334
2020-05-31,61.92221827195629,122.20320793594428,94.35018113287676,0.16,17932.9,22.931882858276367,25.8799991607666
2020-06-30,63.71587114273586,124.89457093476982,95.23906485255428,0.16,18184.3,22.690494537353516,28.059999465942383
2020-07-31,66.56131511875029,121.95905878332837,96.6282589763633,0.11,18335.4,21.793909072875977,29.06999969482422
2020-08-31,71.26311349117337,126.48667676232004,98.44286075982096,0.14,18411.2,21.466312408447266,30.579999923706055
2020-09-30,68.93429410726512,127.7635739168388,97.75029452887904,0.13,18602.5,21.854257583618164,28.290000915527344
2020-10-31,68.34265798996583,129.64265614313112,98.44840023481149,0.14,18757.6,21.871498107910156,25.25
2020-11-30,76.12283204675475,139.96733138991914,99.30093340808187,0.16,18997.0,21.397342681884766,30.969999313354492
2020-12-31,79.88139931327645,139.08031230740713,100.63079214915784,0.13,19115.7,20.897323608398438,33.0099983215332
2021-01-31,80.51419478509527,140.12353031721497,102.01295755792547,0.11,19379.0,21.052501678466797,35.18000030517578
2021-02-28,84.35047493034223,151.64618912623564,102.71893862006392,0.14,19641.8,21.13871192932129,41.310001373291016
2021-03-31,88.87794763346427,152.32921200240042,104.95333660015122,0.16,19873.2,21.655975341796875,40.529998779296875
2021-04-30,91.73319105724872,154.8350854074371,105.39862721139491,0.16,20175.4,21.190439224243164,43.27000045776367
2021-05-31,92.6896099160831,156.90708030429218,106.02728530413378,0.14,20459.0,20.880083084106445,45.41999816894531
2021-06-30,92.90829366241067,154.1697528873309,105.71470067332255,0.25,20477.1,21.405963897705078,49.880001068115234
2021-07-31,91.92348877034088,152.26383603808728,106.42530117029041,0.19,20633.3,21.354238510131836,50.65999984741211
2021-08-31,94.2939384006616,152.3600074067227,106.67137339025643,0.2,20840.7,21.45768928527832,48.040000915527344
2021-09-30,91.77384367985863,149.2755654725944,107.55695344431957,0.28,20981.0,21.819772720336914,52.560001373291016
2021-10-31,97.15475097520108,154.0291609097376,109.23419968288563,0.48,21160.7,21.768047332763672,57.150001525878906
2021-11-30,93.88757831083282,150.5742962981617,108.98885586913008,0.52,21335.9,22.15599250793457,47.90999984741211
2021-12-31,98.05162186325958,143.6803820924173,110.00448774949074,0.73,21498.8,22.095643997192383,54.36000061035156
2022-01-31,95.61342117484993,138.848504082074,110.06544716338666,1.18,21650.0,22.30255126953125,62.47999954223633
2022-02-28,92.97006542758639,139.64379484995294,111.34584197742717,1.44,21724.8,22.311168670654297,67.4800033569336
2022-03-31,98.78637187740306,141.91450653739756,113.88215888878689,2.28,21786.8,22.673254013061523,74.12000274658203
2022-04-30,94.82604825428989,128.15513157935052,116.31415083437517,2.7,21769.5,23.768117904663086,77.16000366210938
2022-05-31,94.66449114777315,132.99246070579548,114.45224016591835,2.53,21719.5,23.457761764526367,85.47000122070312
2022-06-30,87.74777762276135,126.15612316793175,111.85231108998364,2.92,21651.2,24.104339599609375,80.3499984741211
2022-07-31,91.24819553799018,133.8608489092271,113.31712526601014,2.89,21652.8,24.38883399963379,78.05000305175781
2022-08-31,90.76373064834186,132.52298710046506,114.6720097366467,3.45,21638.2,25.09575653076172,73.11000061035156
2022-09-30,86.32419385009425,129.2078708517905,112.26772378663827,4.22,21536.5,25.992338180541992,65.27999877929688
2022-10-31,93.15790938629756,135.00150938971706,115.54240413366327,4.51,21461.5,25.88888931274414,71.52999877929688
2022-11-30,97.40536508979176,137.15617738893656,113.55815777098819,4.38,21406.5,24.664705276489258,70.2300033569336
2022-12-31,94.31844059269837,136.78633224025742,113.75491955044703,4.41,21291.0,24.1860408782959,70.11000061035156
2023-01-31,97.8912142125609,143.41435834993553,112.10235087820759,4.21,21279.4,23.92513656616211,69.31999969482422
2023-02-28,97.84075549464156,145.5504956969003,114.32483631791219,4.81,21242.9,24.716552734375,67.20999908447266
2023-03-31,97.47436896864087,140.52253057260714,113.38061704094177,4.06,20946.8,24.246919631958008,66.44000244140625
2023-04-30,98.20327108247069,133.98764916988895,112.52249420699765,4.04,20761.4,24.133859634399414,67.5
2023-05-31,98.59255086551113,138.28481842609176,112.79906551604593,4.4,20829.6,24.881793975830078,60.630001068115234
2023-06-30,105.62122698376247,149.6737582804485,113.84475062175002,4.87,20799.3,24.681764602661133,63.54999923706055
2023-07-31,110.13711167872002,150.78504106781864,114.63858473563526,4.88,20791.2,24.542613983154297,73.16999816894531
2023-08-31,107.72194881504721,153.86790272167545,114.5442026970221,4.85,20777.2,25.12530517578125,75.05999755859375
2023-09-30,106.45304247143515,151.99389766159692,115.98927479183216,5.03,20747.8,25.855844497680664,80.86000061035156
2023-10-31,105.78401969915345,149.53062336336015,117.41375700477626,5.07,20732.9,26.11675262451172,75.0199966430664
2023-11-30,110.16738709291337,156.29264273754734,115.41744096039247,4.73,20746.5,25.473180770874023,70.13999938964844
2023-12-31,111.27208248902507,162.91783437634544,113.930987126833,4.23,20777.9,25.064237594604492,66.6500015258789
2024-01-31,111.49725763396829,159.3764189596907,114.22959845092761,4.27,20843.9,25.7489013671875,70.91999816894531
2024-02-29,119.0014498445262,167.31537186308194,115.4369046484028,4.64,20927.4,25.989459991455078,73.36000061035156
2024-03-31,121.99005229045257,169.0972095295293,115.33761220188049,4.59,20973.9,26.24852180480957,78.7300033569336
2024-04-30,121.4604337121571,164.99487302315194,117.05090348429447,5.04,20959.7,26.81290626525879,78.37999725341797
2024-05-31,124.77166469157142,163.70717704921887,117.02434028687387,4.89,21020.6,26.52608871459961,74.81999969482422
2024-06-30,125.78348803143636,162.47029618378485,116.49770557657403,4.71,21068.4,26.951688766479492,79.58999633789062
2024-07-31,124.12338157138879,167.6750983068042,115.17334445875588,4.29,21095.3,26.609357833862305,77.73999786376953
2024-08-31,125.53350390949892,162.65956348444917,114.55194537935564,3.91,21186.8,26.1560001373291,74.33999633789062
2024-09-30,126.54198633858059,166.25218241721169,114.68202582551545,3.66,21269.5,26.072731018066406,69.91999816894531
2024-10-31,128.2397268611144,170.18099816622887,116.51062159155005,4.16,21331.9,27.016454696655273,73.08000183105469
2024-11-30,132.06269381698263,176.28007214155227,115.90760017982245,4.13,21452.2,27.617849349975586,71.61000061035156
2024-12-31,131.52246308819454,170.33393890652513,116.55270232822701,4.25,21485.9,28.448415756225586,75.55000305175781
2025-01-31,134.82158965789566,178.01539936373885,117.4257562256969,4.22,21548.1,28.535444259643555,78.0199966430664
2025-02-28,130.76017830659097,166.7594571538297,116.69181849389516,3.99,21613.5,28.41940689086914,75.22000122070312
2025-03-31,125.52606852552424,162.73232655453015,117.08464766643783,3.89,21693.6,27.59747886657715,77.33000183105469
2025-04-30,124.85457284171099,162.60002040817304,116.00694494452834,3.6,21775.6,26.50479507446289,63.560001373291016
2025-05-31,133.61861344395547,174.83748226022925,116.72075576446576,3.89,21833.9,26.543476104736328,67.1500015258789
2025-06-30,137.8329553230163,184.03933391997614,115.95843660047258,3.72,21938.8,25.992298126220703,73.11000061035156
2025-07-31,140.12281126568232,192.4695446608357,116.6618979201682,3.94,22020.0,26.978612899780273,79.58999633789062
2025-08-31,141.54212416563593,190.08690203638992,116.62080417826358,3.59,22087.0,26.46611785888672,74.83999633789062
2025-09-30,145.68498999436778,198.25466892837994,116.35494234108434,3.6,22170.3,26.60149383544922,73.75
2025-10-31,147.97323743704874,204.78284625260605,115.90575084555151,3.6,22245.1,27.27837562561035,72.55999755859375
2025-11-30,146.58752014842125,195.0714349607732,115.02078561059007,3.47,22277.5,27.27837562561035,71.06999969482422
2025-12-31,149.03072935735435,200.25235355493564,115.18550793491094,3.47,22353.6,27.030000686645508,69.16000366210938
2026-01-31,153.60590125764335,198.66487905754914,116.04840166620447,3.52,22429.3,26.850000381469727,79.5199966430664
2026-02-28,151.84019475898245,197.35354195910654,114.68621037296577,3.38,22627.3,27.079999923706055,81.94999694824219
2026-03-31,145.94369713831313,197.27981105755893,115.815233371578,3.79,22686.0,27.780000686645508,127.25
2026-04-30,160.0752043547541,207.06915773508962,117.25081485622071,3.88,,27.360000610351562,147.08999633789062
