prediction_id,as_of,ticker,horizon_months,target_type,benchmark_id,benchmark_ticker,forecast_return_raw,forecast_return_shrunk,forecast_return_final,return_basis,model_name,model_version,feature_version,training_start,training_end,n_train,selected_features_json,top_driver_contrib_json,forecast_error_std,forecast_error_var,validation_ic,validation_hit_rate,validation_spread,validation_rmse,validation_mae,feature_stability_score,data_freshness_flag,created_at
20260430_6m_active_return_vs_benchmark_ACWI,2026-04-30,ACWI,6,active_return_vs_benchmark,GSMIF_SAMPLE_POLICY,GSMIF_SAMPLE_POLICY,-0.016133091448457624,-0.009756195066971621,-0.009756195066971621,active_return_vs_benchmark,macro_ols_selected_plus_historical_mean,bl_macro_views_v1,pit_macro_features_v1,2008-03-31,2025-09-30,174,"[""trend_6m_liquidity"",""trend_6m_oil"",""trend_3m_dollar"",""trend_3m_liquidity"",""trend_3m_oil""]","{""trend_3m_dollar"":-0.002942516901132213,""trend_3m_liquidity"":0.00031240650892752034,""trend_3m_oil"":-0.015858298616401957,""trend_6m_liquidity"":-0.0032064433276309486,""trend_6m_oil"":-0.015418463049985134}",0.045451416221580235,0.002065831236547327,0.26471792590898036,0.7368421052631579,0.018990475927068276,0.045451416221580235,0.03591892433434124,0.26471792590898036,Current,2026-05-13T16:17:07+00:00
20260430_6m_active_return_vs_benchmark_AGG,2026-04-30,AGG,6,active_return_vs_benchmark,GSMIF_SAMPLE_POLICY,GSMIF_SAMPLE_POLICY,-0.0010665754528281224,-0.010038437325129294,-0.010038437325129294,active_return_vs_benchmark,macro_ols_selected_plus_historical_mean,bl_macro_views_v1,pit_macro_features_v1,2008-01-31,2025-09-30,174,"[""trend_6m_dollar"",""trend_3m_dollar"",""trend_6m_liquidity"",""trend_3m_oil"",""trend_3m_rates""]","{""trend_3m_dollar"":0.0022340126162007363,""trend_3m_oil"":0.027183444511537706,""trend_3m_rates"":0.00037458706378648186,""trend_6m_dollar"":0.006298806694077635,""trend_6m_liquidity"":0.0010217953571849522}",0.05918168900919769,0.0035024723139813903,0.21592597193095087,0.6842105263157895,0.008676758323020863,0.05918168900919769,0.04694112562161693,0.21592597193095087,Current,2026-05-13T16:17:08+00:00
20260430_6m_active_return_vs_benchmark_DBC,2026-04-30,DBC,6,active_return_vs_benchmark,GSMIF_SAMPLE_POLICY,GSMIF_SAMPLE_POLICY,-0.05989818896522838,-0.04277725514168833,-0.04277725514168833,active_return_vs_benchmark,macro_ols_selected_plus_historical_mean,bl_macro_views_v1,pit_macro_features_v1,2008-01-31,2025-09-30,174,"[""trend_6m_dollar"",""trend_6m_liquidity"",""trend_6m_inflation"",""trend_3m_liquidity"",""trend_3m_dollar""]","{""trend_3m_dollar"":0.009161668612957273,""trend_3m_liquidity"":0.0002128261076288611,""trend_6m_dollar"":-0.04030436123616206,""trend_6m_inflation"":-0.00797586721826732,""trend_6m_liquidity"":-0.011691574546513693}",0.11876317388428413,0.01410469147106871,0.6127810204246956,0.7368421052631579,0.20837648170139955,0.11876317388428413,0.09151784875447837,0.6127810204246956,Current,2026-05-13T16:17:09+00:00
20260430_6m_active_return_vs_benchmark_HYG,2026-04-30,HYG,6,active_return_vs_benchmark,GSMIF_SAMPLE_POLICY,GSMIF_SAMPLE_POLICY,-0.015235433759667542,-0.017223489866649254,-0.017223489866649254,active_return_vs_benchmark,macro_ols_selected_plus_historical_mean,bl_macro_views_v1,pit_macro_features_v1,2008-01-31,2025-09-30,172,"[""trend_6m_rates"",""trend_3m_rates"",""trend_3m_growth"",""trend_6m_growth"",""trend_6m_risk""]","{""trend_3m_growth"":0.002746995395751516,""trend_3m_rates"":0.0018912445812538984,""trend_6m_growth"":0.0007795089362896531,""trend_6m_rates"":0.0010666025004829008,""trend_6m_risk"":-0.0015395131453497498}",0.03141266190912496,0.00098675532821699,0.3694433156494531,0.6842105263157895,0.025885086156012614,0.03141266190912496,0.02669656061450662,0.3694433156494531,Current,2026-05-13T16:17:09+00:00
20260430_6m_active_return_vs_benchmark_BIL,2026-04-30,BIL,6,active_return_vs_benchmark,GSMIF_SAMPLE_POLICY,GSMIF_SAMPLE_POLICY,-0.00026577751311353953,-0.006403378909814695,-0.006403378909814695,active_return_vs_benchmark,macro_ols_selected_plus_historical_mean,bl_macro_views_v1,pit_macro_features_v1,2008-01-31,2025-09-30,174,"[""trend_6m_rates"",""trend_3m_rates"",""trend_3m_oil"",""trend_6m_oil"",""shock_liquidity""]","{""shock_liquidity"":-0.0006682554568278099,""trend_3m_oil"":0.017720981772499034,""trend_3m_rates"":0.0026318175509353926,""trend_6m_oil"":0.01692285932473688,""trend_6m_rates"":0.0017513696567589244}",0.06586240686145266,0.004337856637583526,0.2475973904146291,0.7631578947368421,0.056321898787736954,0.06586240686145266,0.05077818236358672,0.2475973904146291,Current,2026-05-13T16:17:10+00:00
20260430_6m_active_return_vs_benchmark_SPY,2026-04-30,SPY,6,active_return_vs_benchmark,ACWI_BENCH,ACWI,0.010772363515752307,0.011354640562735828,0.011354640562735828,active_return_vs_benchmark,macro_ols_selected_plus_historical_mean,bl_macro_views_v1,pit_macro_features_v1,2008-03-31,2025-09-30,172,"[""trend_6m_oil"",""trend_6m_risk"",""trend_3m_oil"",""trend_6m_dollar"",""trend_3m_dollar""]","{""trend_3m_dollar"":-0.004366390543812357,""trend_3m_oil"":-0.005262039621800145,""trend_6m_dollar"":0.0026773860848388624,""trend_6m_oil"":0.010997272317417582,""trend_6m_risk"":-0.002388826048297426}",0.027519944301626777,0.00075734733436464,-0.026605795002593524,0.7105263157894737,-0.03689438601929365,0.027519944301626777,0.02094791550278012,0.026605795002593524,Current,2026-05-13T16:17:10+00:00
20260430_6m_active_return_vs_benchmark_EEM,2026-04-30,EEM,6,active_return_vs_benchmark,ACWI_BENCH,ACWI,0.0044571381001770995,-0.0028201843191383224,-0.0028201843191383224,active_return_vs_benchmark,macro_ols_selected_plus_historical_mean,bl_macro_views_v1,pit_macro_features_v1,2008-03-31,2025-09-30,172,"[""trend_6m_risk"",""trend_6m_oil"",""trend_6m_rates"",""trend_3m_oil"",""trend_6m_inflation""]","{""trend_3m_oil"":0.00653412972619098,""trend_6m_inflation"":-0.0007456872573100408,""trend_6m_oil"":-0.0012304202602008896,""trend_6m_rates"":-0.0037451683705117074,""trend_6m_risk"":0.008366271349074974}",0.06268047424795352,0.003928841851948364,0.17672099906394292,0.6842105263157895,0.04707190092641689,0.06268047424795352,0.051011639806347715,0.17672099906394292,Current,2026-05-13T16:17:11+00:00
20260430_6m_active_return_vs_benchmark_EFA,2026-04-30,EFA,6,active_return_vs_benchmark,ACWI_BENCH,ACWI,-0.005050539853366683,-0.005633904734235016,-0.005633904734235016,active_return_vs_benchmark,macro_ols_selected_plus_historical_mean,bl_macro_views_v1,pit_macro_features_v1,2008-03-31,2025-09-30,174,"[""trend_6m_dollar"",""trend_3m_dollar"",""accel_growth"",""shock_dollar"",""shock_rates""]","{""accel_growth"":-0.006575153508478088,""shock_dollar"":0.004414485274725961,""shock_rates"":0.0045655882621528305,""trend_3m_dollar"":0.006323232321931505,""trend_6m_dollar"":0.0026446793277367805}",0.036925365228478294,0.0013634825972565138,0.2756365457177319,0.8157894736842105,0.052272540695960046,0.036925365228478294,0.027429196276735228,0.2756365457177319,Current,2026-05-13T16:17:12+00:00
20260430_6m_active_return_vs_benchmark_EWJ,2026-04-30,EWJ,6,active_return_vs_benchmark,ACWI_BENCH,ACWI,-0.005835677482499855,-0.008598371402057915,-0.008598371402057915,active_return_vs_benchmark,macro_ols_selected_plus_historical_mean,bl_macro_views_v1,pit_macro_features_v1,2008-03-31,2025-09-30,172,"[""trend_6m_oil"",""trend_6m_risk"",""trend_6m_inflation"",""accel_growth"",""accel_risk""]","{""accel_growth"":-0.005170867603113704,""accel_risk"":-0.003517385687929086,""trend_6m_inflation"":0.001705658912689579,""trend_6m_oil"":0.0034857830827775996,""trend_6m_risk"":0.0042047428001537775}",0.04356043766782389,0.0018975117298123702,0.2343955317320213,0.631578947368421,0.008658928806175806,0.04356043766782389,0.035534997400918235,0.2343955317320213,Current,2026-05-13T16:17:12+00:00
20260430_6m_active_return_vs_benchmark_EWU,2026-04-30,EWU,6,active_return_vs_benchmark,ACWI_BENCH,ACWI,0.01965545002383492,0.017479441998227443,0.017479441998227443,active_return_vs_benchmark,macro_ols_selected_plus_historical_mean,bl_macro_views_v1,pit_macro_features_v1,2008-03-31,2025-09-30,174,"[""shock_rates"",""trend_6m_inflation"",""trend_6m_oil"",""trend_3m_rates"",""accel_liquidity""]","{""accel_liquidity"":-0.004370949336086729,""shock_rates"":0.031511455289162826,""trend_3m_rates"":-0.006205226110556296,""trend_6m_inflation"":-0.0008532258938336502,""trend_6m_oil"":0.016907209960303416}",0.06340334498282418,0.004019984155011017,0.2763827443993227,0.7631578947368421,0.0630220292446001,0.06340334498282418,0.044941555596613524,0.2763827443993227,Current,2026-05-13T16:17:13+00:00
20260430_6m_active_return_vs_benchmark_EWL,2026-04-30,EWL,6,active_return_vs_benchmark,ACWI_BENCH,ACWI,0.013073601467956462,0.007762145869531955,0.007762145869531955,active_return_vs_benchmark,macro_ols_selected_plus_historical_mean,bl_macro_views_v1,pit_macro_features_v1,2008-03-31,2025-09-30,174,"[""trend_3m_dollar"",""trend_6m_dollar"",""shock_dollar"",""accel_growth"",""trend_6m_oil""]","{""accel_growth"":-0.007135230110020336,""shock_dollar"":0.014010994466602332,""trend_3m_dollar"":0.005060652271920414,""trend_6m_dollar"":0.0014334075157160066,""trend_6m_oil"":0.017318826805873995}",0.054573541398598,0.0029782714207844895,0.45856998642201224,0.7105263157894737,0.048463064812652765,0.054573541398598,0.04383322631920534,0.45856998642201224,Current,2026-05-13T16:17:13+00:00
20260430_6m_active_return_vs_benchmark_EPP,2026-04-30,EPP,6,active_return_vs_benchmark,ACWI_BENCH,ACWI,0.003216365011879836,-0.002527376433095545,-0.002527376433095545,active_return_vs_benchmark,macro_ols_selected_plus_historical_mean,bl_macro_views_v1,pit_macro_features_v1,2008-03-31,2025-09-30,172,"[""trend_6m_risk"",""shock_rates"",""trend_6m_growth"",""trend_3m_dollar"",""accel_dollar""]","{""accel_dollar"":0.003914790466728077,""shock_rates"":0.014039332914546858,""trend_3m_dollar"":0.0002927044820644922,""trend_6m_growth"":0.0020289877091628655,""trend_6m_risk"":0.0017366678252995881}",0.0567713098124072,0.003222981617816322,0.24500963750825272,0.7368421052631579,0.043031348368892525,0.0567713098124072,0.044694452585707097,0.24500963750825272,Current,2026-05-13T16:17:14+00:00
20260430_6m_active_return_vs_benchmark_XLK,2026-04-30,XLK,6,active_return_vs_benchmark,ACWI_BENCH,ACWI,0.02200302637329144,0.02496348951348517,0.02496348951348517,active_return_vs_benchmark,macro_ols_selected_plus_historical_mean,bl_macro_views_v1,pit_macro_features_v1,2008-03-31,2025-09-30,174,"[""shock_dollar"",""accel_dollar"",""shock_rates"",""trend_3m_dollar"",""trend_6m_liquidity""]","{""accel_dollar"":-0.004421651666121512,""shock_dollar"":-0.02151323528996862,""shock_rates"":-0.00605689765408707,""trend_3m_dollar"":0.009398309927059603,""trend_6m_liquidity"":0.002609021447058911}",0.07695475951478462,0.005922035011978333,0.1923491788340018,0.7105263157894737,0.010678794427562803,0.07695475951478462,0.0630531774970329,0.1923491788340018,Current,2026-05-13T16:17:14+00:00
20260430_6m_active_return_vs_benchmark_SOXX,2026-04-30,SOXX,6,active_return_vs_benchmark,ACWI_BENCH,ACWI,0.02898767502446877,0.03568958516615728,0.03568958516615728,active_return_vs_benchmark,macro_ols_selected_plus_historical_mean,bl_macro_views_v1,pit_macro_features_v1,2008-03-31,2025-09-30,174,"[""trend_3m_dollar"",""shock_dollar"",""trend_6m_dollar"",""accel_dollar"",""shock_rates""]","{""accel_dollar"":-0.0014727039410389444,""shock_dollar"":-0.028580795148673847,""shock_rates"":-0.011218262160916086,""trend_3m_dollar"":-0.009240290813338797,""trend_6m_dollar"":-0.002579939488453529}",0.12088175893120753,0.014612399642302572,0.2817021204311499,0.7631578947368421,0.05024032376970641,0.12088175893120753,0.08715274963491663,0.2817021204311499,Current,2026-05-13T16:17:15+00:00
20260430_6m_active_return_vs_benchmark_XLE,2026-04-30,XLE,6,active_return_vs_benchmark,ACWI_BENCH,ACWI,-0.12023805941132526,-0.08219362958724927,-0.08219362958724927,active_return_vs_benchmark,macro_ols_selected_plus_historical_mean,bl_macro_views_v1,pit_macro_features_v1,2008-03-31,2025-09-30,174,"[""trend_6m_inflation"",""accel_liquidity"",""trend_3m_inflation"",""trend_6m_dollar"",""trend_3m_oil""]","{""accel_liquidity"":-0.019615121738294498,""trend_3m_inflation"":-0.00017903190249564456,""trend_3m_oil"":-0.029578498345514216,""trend_6m_dollar"":-0.038989621264233144,""trend_6m_inflation"":-0.01620815407970141}",0.18485654216394037,0.034171941180808664,0.4837163680650389,0.7105263157894737,0.2565591932412221,0.18485654216394037,0.1397447885337097,0.4837163680650389,Current,2026-05-13T16:17:16+00:00
20260430_6m_active_return_vs_benchmark_XLB,2026-04-30,XLB,6,active_return_vs_benchmark,ACWI_BENCH,ACWI,-0.020230860299947393,-0.019834404823971415,-0.019834404823971415,active_return_vs_benchmark,macro_ols_selected_plus_historical_mean,bl_macro_views_v1,pit_macro_features_v1,2008-03-31,2025-09-30,174,"[""trend_6m_liquidity"",""trend_6m_dollar"",""trend_3m_liquidity"",""shock_liquidity"",""accel_dollar""]","{""accel_dollar"":0.0037765048927686593,""shock_liquidity"":-0.0030626651860876674,""trend_3m_liquidity"":0.0004178845648867885,""trend_6m_dollar"":-0.0087206560468665,""trend_6m_liquidity"":-0.006874276725768976}",0.058365854162362875,0.003406572932102212,0.23666022930420783,0.6052631578947368,0.013011457957500973,0.058365854162362875,0.04667044251938923,0.23666022930420783,Current,2026-05-13T16:17:16+00:00
20260430_6m_active_return_vs_benchmark_XLI,2026-04-30,XLI,6,active_return_vs_benchmark,ACWI_BENCH,ACWI,0.018701439136911753,0.017690937308169112,0.017690937308169112,active_return_vs_benchmark,macro_ols_selected_plus_historical_mean,bl_macro_views_v1,pit_macro_features_v1,2008-03-31,2025-09-30,174,"[""trend_6m_growth"",""trend_6m_liquidity"",""trend_6m_dollar"",""accel_dollar"",""trend_3m_rates""]","{""accel_dollar"":0.002551785814045329,""trend_3m_rates"":0.005366725286706799,""trend_6m_dollar"":-0.006846666972748252,""trend_6m_growth"":0.002266323122944531,""trend_6m_liquidity"":-0.0013553732670391172}",0.04785807313102657,0.0022903951638146877,0.12648142857583308,0.5526315789473685,0.010035315415030492,0.04785807313102657,0.03805245003931974,0.12648142857583308,Current,2026-05-13T16:17:17+00:00
20260430_6m_active_return_vs_benchmark_XLY,2026-04-30,XLY,6,active_return_vs_benchmark,ACWI_BENCH,ACWI,0.00928669015486763,0.004371995628045514,0.004371995628045514,active_return_vs_benchmark,macro_ols_selected_plus_historical_mean,bl_macro_views_v1,pit_macro_features_v1,2008-03-31,2025-09-30,174,"[""shock_rates"",""trend_6m_inflation"",""accel_growth"",""trend_3m_rates"",""trend_3m_inflation""]","{""accel_growth"":0.006433028635005903,""shock_rates"":-0.0190825261570698,""trend_3m_inflation"":0.003035350741734761,""trend_3m_rates"":0.001489212076646628,""trend_6m_inflation"":0.003354026348558767}",0.08934149328044547,0.007981902421579883,-0.15530727483639004,0.47368421052631576,-0.0013355718983242507,0.08934149328044547,0.06998705847898586,0.15530727483639004,Current,2026-05-13T16:17:17+00:00
20260430_6m_active_return_vs_benchmark_XLP,2026-04-30,XLP,6,active_return_vs_benchmark,ACWI_BENCH,ACWI,0.05776460282804971,0.041281304213641956,0.041281304213641956,active_return_vs_benchmark,macro_ols_selected_plus_historical_mean,bl_macro_views_v1,pit_macro_features_v1,2008-03-31,2025-09-30,174,"[""trend_3m_dollar"",""shock_dollar"",""trend_6m_oil"",""trend_6m_growth"",""trend_6m_dollar""]","{""shock_dollar"":0.016166782860576066,""trend_3m_dollar"":0.01241633273412974,""trend_6m_dollar"":-0.013207806305317425,""trend_6m_growth"":0.004456828767953582,""trend_6m_oil"":0.05446856898355784}",0.08723345714636474,0.007609676045706654,0.22747438459222769,0.5263157894736842,0.013689196438138183,0.08723345714636474,0.07198074520825275,0.22747438459222769,Current,2026-05-13T16:17:18+00:00
20260430_6m_active_return_vs_benchmark_XLV,2026-04-30,XLV,6,active_return_vs_benchmark,ACWI_BENCH,ACWI,0.055703026767447664,0.04083180398162775,0.04083180398162775,active_return_vs_benchmark,macro_ols_selected_plus_historical_mean,bl_macro_views_v1,pit_macro_features_v1,2008-03-31,2025-09-30,174,"[""trend_6m_oil"",""trend_3m_oil"",""trend_3m_rates"",""trend_6m_inflation"",""shock_oil""]","{""shock_oil"":0.013594270730492316,""trend_3m_oil"":0.006208636123469915,""trend_3m_rates"":0.0019025648770237488,""trend_6m_inflation"":0.00022603354556226466,""trend_6m_oil"":0.04744446030216978}",0.08811906192303472,0.007764969074195627,0.3146476175646054,0.5263157894736842,0.03272706547107726,0.08811906192303472,0.07160134619955523,0.3146476175646054,Current,2026-05-13T16:17:18+00:00
20260430_6m_active_return_vs_benchmark_XLU,2026-04-30,XLU,6,active_return_vs_benchmark,ACWI_BENCH,ACWI,0.08217177545362814,0.06477435504109685,0.06477435504109685,active_return_vs_benchmark,macro_ols_selected_plus_historical_mean,bl_macro_views_v1,pit_macro_features_v1,2008-03-31,2025-09-30,174,"[""trend_6m_oil"",""trend_3m_oil"",""trend_3m_dollar"",""trend_6m_dollar"",""trend_6m_inflation""]","{""trend_3m_dollar"":0.007286533356178735,""trend_3m_oil"":0.020594630856036553,""trend_6m_dollar"":0.004760065004484606,""trend_6m_inflation"":0.001842331262341866,""trend_6m_oil"":0.05879875615112993}",0.10604100352079202,0.011244694427696624,0.15108874902605743,0.4473684210526316,0.023952548328661113,0.10604100352079202,0.08972481787999528,0.15108874902605743,Current,2026-05-13T16:17:19+00:00
20260430_6m_active_return_vs_benchmark_VNQ,2026-04-30,VNQ,6,active_return_vs_benchmark,ACWI_BENCH,ACWI,0.02698153313033947,0.015511345227663875,0.015511345227663875,active_return_vs_benchmark,macro_ols_selected_plus_historical_mean,bl_macro_views_v1,pit_macro_features_v1,2008-03-31,2025-09-30,174,"[""trend_3m_oil"",""trend_6m_oil"",""trend_3m_inflation"",""shock_oil"",""shock_inflation""]","{""shock_inflation"":0.009173469177186316,""shock_oil"":0.0058384758962581555,""trend_3m_inflation"":-0.000295633621343117,""trend_3m_oil"":0.027655422897447917,""trend_6m_oil"":0.0173066410464242}",0.08547816422457885,0.007306516559204072,0.18107516037168023,0.631578947368421,0.05649851030487594,0.08547816422457885,0.07434587693158261,0.18107516037168023,Current,2026-05-13T16:17:19+00:00
20260430_6m_active_return_vs_benchmark_XHB,2026-04-30,XHB,6,active_return_vs_benchmark,ACWI_BENCH,ACWI,-0.006363049426272707,-0.0013176699616729202,-0.0013176699616729202,active_return_vs_benchmark,macro_ols_selected_plus_historical_mean,bl_macro_views_v1,pit_macro_features_v1,2008-03-31,2025-09-30,172,"[""trend_6m_risk"",""trend_6m_growth"",""trend_3m_risk"",""trend_3m_oil"",""trend_3m_growth""]","{""trend_3m_growth"":0.0011133591686425164,""trend_3m_oil"":-0.036944907947885956,""trend_3m_risk"":0.00014871190712633932,""trend_6m_growth"":-0.001058609365120653,""trend_6m_risk"":0.004674366152626237}",0.14414367879037812,0.020777400135223705,0.04004100944064014,0.5,0.006942129640804283,0.14414367879037812,0.10562654963156631,0.04004100944064014,Current,2026-05-13T16:17:20+00:00
20260430_6m_active_return_vs_benchmark_SHY,2026-04-30,SHY,6,active_return_vs_benchmark,AGG_BENCH,AGG,-0.0066664851277362155,-0.0037793189624633298,-0.0037793189624633298,active_return_vs_benchmark,macro_ols_selected_plus_historical_mean,bl_macro_views_v1,pit_macro_features_v1,2008-01-31,2025-09-30,172,"[""trend_6m_inflation"",""trend_3m_inflation"",""accel_liquidity"",""trend_6m_risk"",""trend_3m_rates""]","{""accel_liquidity"":-0.0013060433237720205,""trend_3m_inflation"":-0.0003544684092839501,""trend_3m_rates"":0.0007657713720232076,""trend_6m_inflation"":-0.0017840962706098104,""trend_6m_risk"":0.00011974508265720286}",0.025742921848547658,0.0006626980253004324,0.30946415026879165,0.6578947368421053,0.0260787280333699,0.025742921848547658,0.020248453098765884,0.30946415026879165,Current,2026-05-13T16:17:21+00:00
20260430_6m_active_return_vs_benchmark_IEF,2026-04-30,IEF,6,active_return_vs_benchmark,AGG_BENCH,AGG,0.00017887819870104687,-0.0011523943585225193,-0.0011523943585225193,active_return_vs_benchmark,macro_ols_selected_plus_historical_mean,bl_macro_views_v1,pit_macro_features_v1,2008-01-31,2025-09-30,172,"[""trend_6m_dollar"",""trend_6m_risk"",""accel_liquidity"",""trend_3m_dollar"",""trend_6m_inflation""]","{""accel_liquidity"":0.0007461289062698391,""trend_3m_dollar"":-0.00010373903426477439,""trend_6m_dollar"":0.0028839928415507216,""trend_6m_inflation"":0.0006352002459223283,""trend_6m_risk"":-0.0005372101395441281}",0.017856555199635724,0.00031885656359763765,0.3773321808064312,0.5526315789473685,0.011927530902830098,0.017856555199635724,0.013455830677486172,0.3773321808064312,Current,2026-05-13T16:17:21+00:00
20260430_6m_active_return_vs_benchmark_TLT,2026-04-30,TLT,6,active_return_vs_benchmark,AGG_BENCH,AGG,0.00040779705355643934,-0.0062832982838435586,-0.0062832982838435586,active_return_vs_benchmark,macro_ols_selected_plus_historical_mean,bl_macro_views_v1,pit_macro_features_v1,2008-01-31,2025-09-30,174,"[""trend_6m_inflation"",""accel_liquidity"",""trend_3m_inflation"",""trend_3m_rates"",""trend_6m_rates""]","{""accel_liquidity"":0.004218949286700513,""trend_3m_inflation"":0.0012509733960659644,""trend_3m_rates"":-0.0013237491300316618,""trend_6m_inflation"":0.0025945625034240094,""trend_6m_rates"":7.059066829301392e-05}",0.07008416934907495,0.0049117907933498165,0.33953859856512386,0.6052631578947368,0.05204053132773398,0.07008416934907495,0.05294236876410014,0.33953859856512386,Current,2026-05-13T16:17:22+00:00
20260430_6m_active_return_vs_benchmark_TIP,2026-04-30,TIP,6,active_return_vs_benchmark,AGG_BENCH,AGG,-0.0016459121815559415,-7.172433002980579e-05,-7.172433002980579e-05,active_return_vs_benchmark,macro_ols_selected_plus_historical_mean,bl_macro_views_v1,pit_macro_features_v1,2008-01-31,2025-09-30,174,"[""trend_6m_liquidity"",""trend_3m_liquidity"",""trend_6m_dollar"",""shock_liquidity"",""trend_6m_rates""]","{""shock_liquidity"":-0.001054394072528897,""trend_3m_liquidity"":2.649230754260183e-05,""trend_6m_dollar"":-0.0037110540378039202,""trend_6m_liquidity"":-0.0019324659997311288,""trend_6m_rates"":0.00017184524351836512}",0.017717725695866937,0.0003139178038339835,0.5545056600732619,0.631578947368421,0.02444802475068949,0.017717725695866937,0.013963783524173715,0.5545056600732619,Current,2026-05-13T16:17:22+00:00
20260430_6m_active_return_vs_benchmark_LQD,2026-04-30,LQD,6,active_return_vs_benchmark,AGG_BENCH,AGG,-0.00367396086893479,-0.0029141257053579644,-0.0029141257053579644,active_return_vs_benchmark,macro_ols_selected_plus_historical_mean,bl_macro_views_v1,pit_macro_features_v1,2008-01-31,2025-09-30,172,"[""trend_6m_inflation"",""trend_6m_risk"",""trend_3m_oil"",""trend_3m_inflation"",""trend_6m_oil""]","{""trend_3m_inflation"":0.00023313622754936428,""trend_3m_oil"":-0.011250623622164446,""trend_6m_inflation"":0.0007734594743850305,""trend_6m_oil"":-0.0013526276679744272,""trend_6m_risk"":0.0003115404120811693}",0.026774589705460154,0.0007168786538957328,0.17740478419762545,0.5526315789473685,0.004157989105968924,0.026774589705460154,0.019433304067180277,0.17740478419762545,Current,2026-05-13T16:17:23+00:00
20260430_6m_active_return_vs_benchmark_EMB,2026-04-30,EMB,6,active_return_vs_benchmark,AGG_BENCH,AGG,-0.027032565704998304,-0.01937589000769234,-0.01937589000769234,active_return_vs_benchmark,macro_ols_selected_plus_historical_mean,bl_macro_views_v1,pit_macro_features_v1,2008-01-31,2025-09-30,174,"[""trend_3m_oil"",""trend_6m_oil"",""shock_oil"",""accel_rates"",""shock_inflation""]","{""accel_rates"":-0.004409483800279127,""shock_inflation"":-0.004501883320784706,""shock_oil"":-0.0023950474794952607,""trend_3m_oil"":-0.013605253221053078,""trend_6m_oil"":-0.01632743921632424}",0.05113040846075517,0.002614318669363664,0.20518095633404637,0.6052631578947368,0.009955476678252176,0.05113040846075517,0.035016758216009386,0.20518095633404637,Current,2026-05-13T16:17:23+00:00
20260430_6m_active_return_vs_benchmark_GLD,2026-04-30,GLD,6,active_return_vs_benchmark,DBC_BENCH,DBC,0.10724559975617254,0.09170577401228146,0.09170577401228146,active_return_vs_benchmark,macro_ols_selected_plus_historical_mean,bl_macro_views_v1,pit_macro_features_v1,2008-01-31,2025-09-30,174,"[""trend_6m_liquidity"",""trend_6m_dollar"",""trend_3m_liquidity"",""trend_6m_inflation"",""trend_3m_dollar""]","{""trend_3m_dollar"":-0.004560959730570494,""trend_3m_liquidity"":-0.000659441393709951,""trend_6m_dollar"":0.03269566387208163,""trend_6m_inflation"":0.011528933287523148,""trend_6m_liquidity"":0.02328351740097543}",0.14449235427014998,0.020878040442530527,0.6424837963004849,0.7631578947368421,0.20582627509229667,0.14449235427014998,0.1205243125088536,0.6424837963004849,Current,2026-05-13T16:17:24+00:00
20260430_6m_active_return_vs_benchmark_USO,2026-04-30,USO,6,active_return_vs_benchmark,DBC_BENCH,DBC,-0.04009771217329369,-0.024222168801154464,-0.024222168801154464,active_return_vs_benchmark,macro_ols_selected_plus_historical_mean,bl_macro_views_v1,pit_macro_features_v1,2008-01-31,2025-09-30,172,"[""trend_6m_dollar"",""trend_6m_risk"",""trend_6m_growth"",""trend_6m_inflation"",""trend_3m_dollar""]","{""trend_3m_dollar"":0.00776832027707814,""trend_6m_dollar"":-0.029256620100302222,""trend_6m_growth"":-0.003915460878926056,""trend_6m_inflation"":-0.006274338179576934,""trend_6m_risk"":0.002483803002531081}",0.16756147670434604,0.0280768484753411,0.24549581140884286,0.631578947368421,0.14855114345805948,0.16756147670434604,0.12645527067991574,0.24549581140884286,Current,2026-05-13T16:17:24+00:00
20260430_6m_active_return_vs_benchmark_CPER,2026-04-30,CPER,6,active_return_vs_benchmark,DBC_BENCH,DBC,0.04592461187260943,0.03326674383614249,0.03326674383614249,active_return_vs_benchmark,macro_ols_selected_plus_historical_mean,bl_macro_views_v1,pit_macro_features_v1,2011-11-30,2025-09-30,167,"[""trend_6m_risk"",""trend_3m_inflation"",""trend_6m_inflation"",""trend_6m_dollar"",""trend_3m_oil""]","{""trend_3m_inflation"":-0.0046116493256088105,""trend_3m_oil"":0.0016787988938465998,""trend_6m_dollar"":0.0164251599246791,""trend_6m_inflation"":0.005798282922858265,""trend_6m_risk"":0.0024398316934885257}",0.15524852830061364,0.024102105539506435,0.21469550324307146,0.5833333333333334,0.06233536637889421,0.15524852830061364,0.1167695195606883,0.21469550324307146,Current,2026-05-13T16:17:25+00:00
20260430_6m_active_return_vs_benchmark_CORN,2026-04-30,CORN,6,active_return_vs_benchmark,DBC_BENCH,DBC,-0.015452286229774945,-0.02194295761533681,-0.02194295761533681,active_return_vs_benchmark,macro_ols_selected_plus_historical_mean,bl_macro_views_v1,pit_macro_features_v1,2010-06-30,2025-09-30,174,"[""trend_6m_dollar"",""trend_6m_liquidity"",""trend_6m_growth"",""accel_inflation"",""trend_3m_inflation""]","{""accel_inflation"":-0.002458095576319765,""trend_3m_inflation"":0.006575548036971022,""trend_6m_dollar"":0.015411624653850974,""trend_6m_growth"":0.004945791512903649,""trend_6m_liquidity"":-0.006632031825781379}",0.09917820700391126,0.009836316744510673,0.4297546207014306,0.7105263157894737,0.09381713862873772,0.09917820700391126,0.08460017572577111,0.4297546207014306,Current,2026-05-13T16:17:25+00:00
20260430_6m_active_return_vs_benchmark_WEAT,2026-04-30,WEAT,6,active_return_vs_benchmark,DBC_BENCH,DBC,0.0020447764807565855,-0.01705684682981255,-0.01705684682981255,active_return_vs_benchmark,macro_ols_selected_plus_historical_mean,bl_macro_views_v1,pit_macro_features_v1,2011-09-30,2025-09-30,169,"[""trend_6m_dollar"",""trend_3m_dollar"",""trend_3m_oil"",""accel_inflation"",""shock_dollar""]","{""accel_inflation"":0.0030343560088564054,""shock_dollar"":0.0005516558047600702,""trend_3m_dollar"":0.009682806384105654,""trend_3m_oil"":0.05356689315054407,""trend_6m_dollar"":0.014390742424199465}",0.13117570474483267,0.017207065515303516,0.34799529827091913,0.5945945945945946,0.021318097166534107,0.13117570474483267,0.1011682622840556,0.34799529827091913,Current,2026-05-13T16:17:26+00:00
20260430_6m_active_return_vs_benchmark_IWM,2026-04-30,IWM,6,active_return_vs_benchmark,ACWI_BENCH,ACWI,-0.057712224417060067,-0.050629095939379684,-0.050629095939379684,active_return_vs_benchmark,macro_ols_selected_plus_historical_mean,bl_macro_views_v1,pit_macro_features_v1,2008-03-31,2025-09-30,174,"[""trend_6m_liquidity"",""trend_3m_liquidity"",""trend_6m_oil"",""trend_6m_dollar"",""trend_3m_dollar""]","{""trend_3m_dollar"":-0.0049962060836427425,""trend_3m_liquidity"":0.0008560488524066417,""trend_6m_dollar"":-0.005733858039719526,""trend_6m_liquidity"":-0.013569902140110415,""trend_6m_oil"":-0.04008207253283035}",0.06225251356338887,0.0038753754449599156,0.6016535463276482,0.6052631578947368,0.04542879711102572,0.06225251356338887,0.05291901943634022,0.6016535463276482,Current,2026-05-13T16:17:27+00:00
20260430_6m_active_return_vs_benchmark_MTUM,2026-04-30,MTUM,6,active_return_vs_benchmark,ACWI_BENCH,ACWI,0.03300150771966458,0.025636361886248828,0.025636361886248828,active_return_vs_benchmark,macro_ols_selected_plus_historical_mean,bl_macro_views_v1,pit_macro_features_v1,2013-04-30,2025-09-30,150,"[""accel_risk"",""trend_3m_dollar"",""accel_liquidity"",""trend_6m_liquidity"",""trend_6m_dollar""]","{""accel_liquidity"":0.004294177973227234,""accel_risk"":0.008994668888180981,""trend_3m_dollar"":0.006974667656411802,""trend_6m_dollar"":-0.0008701605556520091,""trend_6m_liquidity"":0.0014807909039506685}",0.0677894905848861,0.004595415033758362,0.04450225005912857,0.6,-0.009602755440491906,0.0677894905848861,0.05358342322208672,0.04450225005912857,Current,2026-05-13T16:17:27+00:00
20260430_6m_active_return_vs_benchmark_QUAL,2026-04-30,QUAL,6,active_return_vs_benchmark,ACWI_BENCH,ACWI,-0.0003413489813325352,0.0013093017432402301,0.0013093017432402301,active_return_vs_benchmark,macro_ols_selected_plus_historical_mean,bl_macro_views_v1,pit_macro_features_v1,2013-07-31,2025-09-30,147,"[""trend_6m_liquidity"",""trend_3m_liquidity"",""trend_6m_rates"",""shock_liquidity"",""trend_6m_risk""]","{""shock_liquidity"":-0.0014756215148826945,""trend_3m_liquidity"":-5.375496418106769e-05,""trend_6m_liquidity"":0.0024542703352629447,""trend_6m_rates"":0.00151583613097706,""trend_6m_risk"":-0.002894453577497722}",0.03348665843264144,0.001121356292984396,0.46466848761205826,0.7931034482758621,0.03603271974585037,0.03348665843264144,0.025766109702071573,0.46466848761205826,Current,2026-05-13T16:17:28+00:00
20260430_6m_active_return_vs_benchmark_VLUE,2026-04-30,VLUE,6,active_return_vs_benchmark,ACWI_BENCH,ACWI,-0.007416482522021432,-0.0048734794335548465,-0.0048734794335548465,active_return_vs_benchmark,macro_ols_selected_plus_historical_mean,bl_macro_views_v1,pit_macro_features_v1,2013-04-30,2025-09-30,150,"[""trend_6m_dollar"",""trend_6m_liquidity"",""accel_liquidity"",""trend_3m_dollar"",""accel_oil""]","{""accel_liquidity"":-0.005796388346015689,""accel_oil"":0.010935599886523662,""trend_3m_dollar"":0.0001695314461966176,""trend_6m_dollar"":-0.021565717277915845,""trend_6m_liquidity"":-0.003613068694397839}",0.0645753201679919,0.004169971974798662,0.49840327512878047,0.6333333333333333,0.06268928533178018,0.0645753201679919,0.051066283140235376,0.49840327512878047,Current,2026-05-13T16:17:28+00:00
20260430_6m_active_return_vs_benchmark_USMV,2026-04-30,USMV,6,active_return_vs_benchmark,ACWI_BENCH,ACWI,0.03396036510189374,0.024138307169980097,0.024138307169980097,active_return_vs_benchmark,macro_ols_selected_plus_historical_mean,bl_macro_views_v1,pit_macro_features_v1,2011-10-31,2025-09-30,168,"[""trend_6m_oil"",""trend_6m_rates"",""trend_3m_rates"",""trend_3m_oil"",""shock_rates""]","{""shock_rates"":0.011374607133086287,""trend_3m_oil"":0.00043823548640637306,""trend_3m_rates"":0.0010787150416945693,""trend_6m_oil"":0.036569179814195725,""trend_6m_rates"":-0.0001331719362332143}",0.06377877919437536,0.004067732675524887,0.40609127176464005,0.5,0.020458247492945645,0.06377877919437536,0.047916487275508644,0.40609127176464005,Current,2026-05-13T16:17:29+00:00
20260430_6m_active_return_vs_benchmark_SPHB,2026-04-30,SPHB,6,active_return_vs_benchmark,ACWI_BENCH,ACWI,0.0057388874211370886,0.010509578021405572,0.010509578021405572,active_return_vs_benchmark,macro_ols_selected_plus_historical_mean,bl_macro_views_v1,pit_macro_features_v1,2011-05-31,2025-09-30,173,"[""trend_6m_liquidity"",""trend_6m_dollar"",""trend_3m_dollar"",""trend_3m_liquidity"",""accel_liquidity""]","{""accel_liquidity"":-0.009874443569594627,""trend_3m_dollar"":-0.009842985680722427,""trend_3m_liquidity"":1.3437109713703104e-05,""trend_6m_dollar"":-0.0038986121798278276,""trend_6m_liquidity"":-0.011117689880838161}",0.08853991838881886,0.007839317148298705,0.633237795705873,0.631578947368421,0.06571005149091604,0.08853991838881886,0.07126809027039176,0.633237795705873,Current,2026-05-13T16:17:29+00:00
