date,AGG,BIL,CPER,DBC,EEM,EFA,FXF,FXY,GC=F,GLD,HYG,IEF,IWM,LQD,QQQ,SHY,SMH,SPY,TIP,TLT,USMV,UUP,VEIEX,VFINX,VFISX,VFITX,VGTSX,VIPSX,VLUE,VUSTX,VWEHX,XHB,XLB,XLE,XLI,XLP,XLU,XLV
2026-05-20,97.22576904296875,90.76317596435547,38.56999969482422,30.8799991607666,65.12151336669922,102.00581359863281,112.12999725341797,57.779998779296875,4531.2998046875,417.3999938964844,78.70457458496094,92.80022430419922,279.2060241699219,106.70372772216797,712.3671875,81.42002868652344,564.6599731445312,739.3452758789062,107.2597885131836,82.93959045410156,95.6004638671875,27.729999542236328,36.957542419433594,685.123779296875,9.735237121582031,9.720528602600098,26.816858291625977,11.611605644226074,182.04812622070312,7.569637298583984,5.373617172241211,98.77745819091797,49.534786224365234,59.371822357177734,170.31097412109375,84.93069458007812,44.22758483886719,146.48397827148438
2026-05-21,97.34455108642578,90.76317596435547,38.58000183105469,30.700000762939453,65.68856811523438,102.56693267822266,112.18000030517578,57.77000045776367,4539.7998046875,416.989990234375,78.7439956665039,92.85963439941406,281.8197937011719,106.92119598388672,713.7256469726562,81.41011810302734,567.8800048828125,740.8114624023438,107.2597885131836,83.24600219726562,95.74002838134766,27.729999542236328,37.01750564575195,686.3804931640625,9.735237121582031,9.720528602600098,27.02597427368164,11.611605644226074,184.27029418945312,7.5992841720581055,5.383458614349365,99.41653442382812,49.83366775512695,58.70662307739258,170.11146545410156,84.07662963867188,44.7144775390625,147.49948120117188
2026-05-22,97.44355010986328,90.78300476074219,38.91999816894531,30.540000915527344,65.53933715820312,102.3602066040039,112.4000015258789,57.70000076293945,4521.0,413.82000732421875,78.75386047363281,92.93882751464844,284.4435729980469,107.11888885498047,716.7523193359375,81.39030456542969,576.3200073242188,743.7239990234375,107.26950073242188,83.70068359375,96.57740020751953,27.770000457763672,37.217384338378906,688.9736328125,9.72533130645752,9.720528602600098,27.02597427368164,11.59190845489502,186.6718292236328,7.61904764175415,5.383458614349365,99.86589050292969,50.1026611328125,59.06404495239258,171.3484344482422,84.21566772460938,45.062252044677734,149.23184204101562
2026-05-26,97.720703125,90.80282592773438,39.029998779296875,30.030000686645508,68.04631042480469,103.4922866821289,112.25,57.630001068115234,4500.39990234375,414.0,79.01994323730469,93.3348159790039,289.82080078125,107.52415466308594,729.4783935546875,81.47949981689453,602.1400146484375,748.6613159179688,107.69710540771484,84.1158218383789,96.1886215209961,27.75,37.956932067871094,693.2124633789062,9.735237121582031,9.750226020812988,27.494001388549805,11.651000022888184,193.866455078125,7.668457984924316,5.393301010131836,102.1925277709961,50.80005645751953,57.43578338623047,173.87222290039062,83.05371856689453,45.04238510131836,147.85791015625
2026-05-27,97.79989624023438,90.81273651123047,38.47999954223633,29.489999771118164,68.03636169433594,103.13789367675781,112.08999633789062,57.540000915527344,4447.5,408.489990234375,78.97065734863281,93.37442016601562,289.6811218261719,107.67242431640625,728.6492919921875,81.48941040039062,595.5,748.5316162109375,107.75541687011719,84.31351470947266,95.74002838134766,27.75,37.9669303894043,693.3320922851562,9.735237121582031,9.750226020812988,27.42429542541504,11.660849571228027,194.9227294921875,7.678339958190918,5.393301010131836,103.1611328125,50.98934555053711,56.581947326660156,173.87222290039062,83.99717712402344,44.85358810424805,148.1366729736328
2026-05-28,97.99786376953125,90.82263946533203,39.060001373291016,29.719999313354492,68.2552261352539,103.05914306640625,112.5,57.650001525878906,4499.2998046875,412.7699890136719,79.06922912597656,93.59220886230469,291.3371887207031,107.99861145019531,734.79248046875,81.52906036376953,599.8300170898438,752.6609497070312,108.04696655273438,84.7484130859375,96.02912139892578,27.700000762939453,37.9669303894043,697.3215942382812,9.74514102935791,9.770023345947266,27.474084854125977,11.69039535522461,195.26153564453125,7.717867851257324,5.403141975402832,102.62191009521484,51.16867446899414,56.542232513427734,173.37344360351562,83.84821319580078,44.346824645996094,150.21751403808594
2026-05-29,98.05725860595703,90.8523941040039,38.86000061035156,29.479999542236328,68.24527740478516,103.16743469238281,113.01000213623047,57.619998931884766,4560.5,417.1199951171875,79.14806365966797,93.70111083984375,289.740966796875,108.09745788574219,737.49951171875,81.5687026977539,598.9299926757812,754.5361328125,108.07611846923828,84.76819610595703,96.29827880859375,27.65999984741211,37.767051696777344,698.8775024414062,9.775938987731934,9.812729835510254,27.523874282836914,11.69039535522461,197.4239044189453,7.748624324798584,5.431835174560547,102.48211669921875,50.95945739746094,55.886959075927734,172.70509338378906,82.33869171142578,44.138153076171875,148.81369018554688
2026-06-01,98.00860595703125,90.86133575439453,39.959999084472656,29.989999771118164,69.7176284790039,102.81304168701172,112.12999725341797,57.5099983215332,4475.2001953125,411.260009765625,79.08763122558594,93.53919982910156,288.29443359375,108.08058166503906,741.9246826171875,81.52198791503906,607.8099975585938,756.5908203125,108.1233139038086,84.8138427734375,96.64718627929688,27.760000228881836,38.09684753417969,700.7625732421875,9.775938987731934,9.792865753173828,27.64337158203125,11.700243949890137,200.77210998535156,7.748624324798584,5.431835174560547,103.08125305175781,50.73031234741211,56.88972473144531,171.9768829345703,81.46475219726562,42.82653045654297,147.1908416748047
2026-06-02,98.03839111328125,90.85138702392578,40.599998474121094,30.1200008392334,70.43390655517578,103.38399505615234,112.06999969482422,57.43000030517578,4489.10009765625,411.95001220703125,79.1470718383789,93.60873413085938,290.9680480957031,108.07066345214844,745.3408813476562,81.52198791503906,632.2100219726562,757.6182250976562,108.11347198486328,84.9924545288086,96.62725067138672,27.760000228881836,38.69648742675781,701.68017578125,9.766002655029297,9.792865753173828,27.81265640258789,11.700243949890137,202.9842987060547,7.768466949462891,5.431835174560547,104.169677734375,51.32807922363281,57.54499816894531,173.7624969482422,81.26612854003906,43.621456146240234,145.75717163085938
2026-06-03,97.82981872558594,90.87127685546875,39.41999816894531,30.290000915527344,69.5584487915039,102.4980239868164,111.37999725341797,57.34000015258789,4436.7001953125,407.8699951171875,78.92914581298828,93.3703384399414,286.9875183105469,107.77300262451172,743.39306640625,81.48222351074219,637.9000244140625,752.3018798828125,107.9168472290039,84.65506744384766,95.95934295654297,27.860000610351562,38.226768493652344,696.5137329101562,9.766002655029297,9.773002624511719,27.59358024597168,11.680545806884766,202.13729858398438,7.73870325088501,5.42194128036499,103.74030303955078,51.43767166137695,58.28962707519531,173.62283325195312,81.59385681152344,43.43265914916992,146.90213012695312
2026-06-04,97.98873901367188,90.87127685546875,39.72999954223633,29.8799991607666,68.74269104003906,103.3150863647461,111.72000122070312,57.349998474121094,4475.7998046875,411.2699890136719,79.07772827148438,93.48954010009766,291.3172302246094,108.00120544433594,739.7969970703125,81.54186248779297,627.530029296875,755.1445922851562,107.92668914794922,84.8436050415039,96.35809326171875,27.84000015258789,38.166805267333984,699.4660034179688,9.766002655029297,9.792865753173828,27.603538513183594,11.680545806884766,199.53646850585938,7.748624324798584,5.42194128036499,104.56910705566406,51.427703857421875,58.329341888427734,175.7276611328125,81.47467803955078,43.66120147705078,151.4122314453125
2026-06-05,97.50206756591797,90.9110336303711,38.08000183105469,29.229999542236328,64.25601196289062,100.66699981689453,110.80999755859375,57.310001373291016,4337.10009765625,396.239990234375,78.68150329589844,92.99288940429688,280.9817810058594,107.32650756835938,704.2860107421875,81.37287902832031,569.6900024414062,735.65478515625,107.40563201904297,84.406982421875,95.34127807617188,28.020000457763672,36.87759017944336,681.064453125,9.746133804321289,9.743206977844238,26.607738494873047,11.621454238891602,191.24569702148438,7.699017524719238,5.412046909332275,103.36084747314453,50.4413948059082,57.25707244873047,173.75250244140625,82.86503601074219,44.068599700927734,152.33815002441406
2026-06-08,97.50206756591797,90.92098236083984,38.54999923706055,29.469999313354492,65.4100112915039,101.27733612060547,110.5199966430664,57.279998779296875,4335.89990234375,397.2699890136719,78.79046630859375,92.8935546875,283.4359436035156,107.21736907958984,715.283935546875,81.41263580322266,598.1599731445312,737.3204345703125,107.28765106201172,83.97036743164062,94.93256378173828,28.030000686645508,36.90757369995117,683.1090698242188,9.746133804321289,9.733274459838867,26.71727752685547,11.611605644226074,194.88287353515625,7.669253349304199,5.402153015136719,103.14116668701172,49.773887634277344,57.912349700927734,173.20387268066406,82.4975814819336,43.243865966796875,151.97972106933594
2026-06-09,97.7007064819336,90.92098236083984,38.599998474121094,29.06999969482422,65.47965240478516,101.29702758789062,110.41999816894531,57.22999954223633,4260.0,390.7799987792969,78.86971282958984,93.15180969238281,284.3437805175781,107.56464385986328,707.052978515625,81.45240020751953,591.010009765625,735.1560668945312,107.47444915771484,84.4665298461914,95.28146362304688,28.010000228881836,36.98752212524414,681.3736572265625,9.756067276000977,9.753137588500977,26.79694175720215,11.631303787231445,194.1255340576172,7.7089385986328125,5.412046909332275,106.86578369140625,50.580875396728516,56.97908020019531,175.16903686523438,83.5204849243164,43.70094680786133,153.8913116455078
2026-06-10,97.64111328125,90.93092346191406,37.720001220703125,29.170000076293945,64.32565307617188,99.98774719238281,110.22000122070312,57.16999816894531,4108.2001953125,374.5799865722656,78.72112274169922,93.06241607666016,281.3808288574219,107.31659698486328,692.9285278320312,81.45240020751953,570.9099731445312,723.56591796875,107.3663101196289,84.22836303710938,94.92259216308594,28.049999237060547,36.47783279418945,670.3527221679688,9.756067276000977,9.753137588500977,26.36874771118164,11.621454238891602,189.9403076171875,7.689095973968506,5.402153015136719,103.33089447021484,49.41522979736328,57.832923889160156,169.2436065673828,84.90090942382812,43.720821380615234,152.17886352539062
2026-06-11,98.20723724365234,90.94086456298828,38.939998626708984,28.850000381469727,67.15096282958984,103.09852600097656,110.87999725341797,57.43000030517578,4090.300048828125,386.32000732421875,79.18669891357422,93.70806121826172,289.72100830078125,108.22941589355469,716.332763671875,81.60150146484375,609.4500122070312,735.8642578125,107.74972534179688,85.31993103027344,95.34127807617188,27.950000762939453,37.29733657836914,682.101806640625,9.766002655029297,9.8027982711792,27.195261001586914,11.670698165893555,196.8858184814453,7.778388977050781,5.42194128036499,107.67462158203125,51.029197692871094,56.71101379394531,174.72012329101562,84.68241882324219,43.770503997802734,153.4134063720703
2026-06-12,98.08805084228516,90.9706802368164,39.54999923706055,28.549999237060547,67.52899932861328,103.38399505615234,110.70999908447266,57.2599983215332,4215.0,386.5400085449219,79.18669891357422,93.54914093017578,292.2550048828125,108.15995788574219,720.5481567382812,81.58162689208984,619.9600219726562,739.843994140625,107.75955200195312,85.11153411865234,95.75,27.950000762939453,37.6571159362793,685.5626220703125,9.766002655029297,9.78293514251709,27.394420623779297,11.651000022888184,197.68299865722656,7.758545875549316,5.42194128036499,107.43496704101562,51.98562240600586,57.137935638427734,175.7476043701172,85.22863006591797,44.24745559692383,153.13462829589844
2026-06-15,98.17743682861328,90.9706802368164,39.650001525878906,28.219999313354492,69.75,104.08000183105469,110.97000122070312,57.2400016784668,4328.0,396.54998779296875,79.28575134277344,93.64846801757812,294.6400146484375,108.1401138305664,743.1832885742188,81.62139129638672,647.0999755859375,752.890380859375,107.90702819824219,85.06192016601562,96.33999633789062,27.969999313354492,38.34669494628906,697.0423583984375,9.766002655029297,9.792865753173828,27.772823333740234,11.670698165893555,202.33999633789062,7.758545875549316,5.431835174560547,108.17390441894531,52.30442810058594,55.15225601196289,178.241455078125,84.89098358154297,44.45612716674805,152.2186737060547
2026-06-16,98.29662322998047,90.98062133789062,39.54999923706055,27.899999618530273,68.63999938964844,104.30999755859375,111.16000366210938,57.189998626708984,4330.89990234375,397.6300048828125,79.27584838867188,93.88685607910156,292.0799865722656,108.26910400390625,729.0587768554688,81.64126586914062,616.0,748.4019775390625,107.90702819824219,85.52831268310547,95.91000366210938,27.93000030517578,37.90696334838867,693.1027221679688,9.775938987731934,9.8027982711792,27.64337158203125,11.680545806884766,198.66000366210938,7.798231601715088,5.431835174560547,109.68172454833984,52.52360916137695,54.96361541748047,179.40859985351562,85.00021362304688,44.77409744262695,152.26846313476562
2026-06-17,97.93907165527344,90.99057006835938,38.63999938964844,27.709999084472656,68.55999755859375,103.77999877929688,110.13999938964844,57.09000015258789,4358.89990234375,388.6000061035156,78.97868347167969,93.39019775390625,289.8800048828125,107.92182922363281,721.7168579101562,81.39275360107422,623.969970703125,739.0560302734375,107.18934631347656,85.66724395751953,94.63999938964844,28.18000030517578,37.84700012207031,684.6849365234375,9.736198425292969,9.753137588500977,27.494001388549805,11.611605644226074,196.42999267578125,7.7883100509643555,5.42194128036499,107.17534637451172,51.82621765136719,54.2785530090332,179.15921020507812,83.10337829589844,44.17790222167969,150.04824829101562
2026-06-18,98.22710418701172,91.03032684326172,38.86000061035156,27.6299991607666,70.79000091552734,104.41000366210938,109.55999755859375,56.849998474121094,4224.10009765625,387.1199951171875,79.25603485107422,93.7279281616211,295.5899963378906,108.21949005126953,739.8070068359375,81.5020980834961,659.8800048828125,746.739990234375,107.54326629638672,86.08401489257812,94.23999786376953,28.299999237060547,38.40999984741211,692.1153564453125,9.746133804321289,9.78293514251709,27.8700008392334,11.631303787231445,199.9199981689453,7.827995777130127,5.42194128036499,110.87999725341797,51.617000579833984,53.38500213623047,180.46600341796875,82.72599792480469,44.47599792480469,148.74398803710938
2026-06-22,97.95893096923828,91.03032684326172,38.810001373291016,27.40999984741211,71.20999908447266,104.58000183105469,109.0199966430664,56.790000915527344,4181.89990234375,384.5899963378906,79.18669891357422,93.3703384399414,298.17999267578125,107.93175506591797,737.9500122070312,81.4225845336914,668.9099731445312,744.3900146484375,107.10086822509766,85.4290771484375,94.27999877929688,28.360000610351562,38.619998931884766,689.58203125,9.736198425292969,9.753137588500977,27.920000076293945,11.59190845489502,204.1699981689453,7.768466949462891,5.42194128036499,109.12999725341797,51.619998931884766,54.060001373291016,181.8000030517578,82.18000030517578,44.720001220703125,150.05999755859375
2026-06-23,98.03839111328125,91.04027557373047,37.31999969482422,27.1200008392334,67.16999816894531,102.45999908447266,108.87999725341797,56.79999923706055,4129.89990234375,377.32000732421875,79.11735534667969,93.48954010009766,295.32000732421875,108.06073760986328,713.6500244140625,81.48222351074219,622.0499877929688,733.5800170898438,107.0615463256836,85.5382308959961,94.55000305175781,28.450000762939453,37.52000045776367,679.6781005859375,9.746133804321289,9.763070106506348,27.06999969482422,11.59190845489502,197.11000061035156,7.7883100509643555,5.412046909332275,108.19999694824219,50.869998931884766,54.459999084472656,178.14999389648438,83.72000122070312,45.06999969482422,152.17999267578125
2026-06-24,98.51512908935547,91.05020904541016,36.310001373291016,26.450000762939453,67.25,102.26000213623047,108.44000244140625,56.70000076293945,3990.300048828125,365.9200134277344,79.09754180908203,94.09545135498047,296.69000244140625,108.55684661865234,710.6199951171875,81.58162689208984,618.9199829101562,733.239990234375,107.47444915771484,86.70916748046875,94.86000061035156,28.530000686645508,37.310001373291016,679.0098876953125,9.756067276000977,9.8027982711792,27.06999969482422,11.631303787231445,196.63999938964844,7.877602577209473,5.412046909332275,114.27999877929688,51.15999984741211,53.56999969482422,180.2100067138672,84.44000244140625,45.540000915527344,153.35000610351562
2026-06-25,98.57472229003906,91.06015014648438,36.97999954223633,26.93000030517578,67.95999908447266,103.1500015258789,108.87999725341797,56.689998626708984,4030.5,369.4599914550781,79.12725830078125,94.1550521850586,298.9100036621094,108.6461410522461,716.3800048828125,81.60150146484375,636.8800048828125,734.2999877929688,107.65141296386719,86.67940521240234,94.88999938964844,28.479999542236328,37.209999084472656,678.9700317382812,9.756067276000977,9.812729835510254,27.270000457763672,11.660849571228027,204.58999633789062,7.877602577209473,5.42194128036499,115.91999816894531,51.84000015258789,54.09000015258789,184.1199951171875,83.94000244140625,45.849998474121094,155.6300048828125
2026-06-26,98.66410064697266,91.08997344970703,37.33000183105469,26.56999969482422,67.19000244140625,102.54000091552734,108.9000015258789,56.709999084472656,4078.699951171875,373.6300048828125,79.07772827148438,94.3934326171875,299.8299865722656,108.6461410522461,706.52001953125,81.70091247558594,611.6099853515625,728.989990234375,107.84803009033203,86.6893310546875,95.98999786376953,28.459999084472656,36.88999938964844,678.6599731445312,9.766002655029297,9.832592964172363,27.06999969482422,11.670698165893555,200.08999633789062,7.877602577209473,5.412046909332275,115.63999938964844,51.599998474121094,53.84000015258789,181.1999969482422,84.70999908447266,46.20000076293945,160.33999633789062
2026-06-29,98.69390869140625,91.09992218017578,37.22999954223633,26.559999465942383,67.43000030517578,103.44999694824219,109.16000366210938,56.65999984741211,4022.300048828125,368.5799865722656,79.25603485107422,94.4232406616211,298.9700012207031,108.8445816040039,724.0800170898438,81.6810302734375,631.97998046875,741.0,108.04466247558594,86.77864074707031,96.16000366210938,28.3700008392334,37.349998474121094,686.6400146484375,9.766002655029297,9.822662353515625,27.309999465942383,11.69039535522461,200.8699951171875,7.887524127960205,5.42194128036499,115.38999938964844,50.65999984741211,53.58000183105469,182.75999450683594,84.37000274658203,46.02000045776367,160.74000549316406
2026-06-30,98.30655670166016,91.09992218017578,37.72999954223633,26.65999984741211,68.41000366210938,103.87999725341797,109.05000305175781,56.439998626708984,4022.89990234375,368.3800048828125,79.21641540527344,93.9365234375,300.45001220703125,108.21949005126953,736.4000244140625,81.62139129638672,655.8900146484375,746.77001953125,107.58259582519531,85.75653839111328,96.45999908447266,28.40999984741211,37.7400016784668,692.1400146484375,9.786931991577148,9.825651168823242,27.469999313354492,11.651000022888184,199.80999755859375,7.827770233154297,5.45078706741333,115.55999755859375,50.83000183105469,53.11000061035156,185.22999572753906,83.06999969482422,45.34000015258789,158.66000366210938
2026-07-01,98.15807342529297,91.12783813476562,37.209999084472656,26.450000762939453,66.4800033569336,103.0199966430664,108.91999816894531,56.43000030517578,4068.300048828125,370.6000061035156,79.20545959472656,93.70830535888672,299.32000732421875,107.99246978759766,725.1699829101562,81.58948516845703,620.4600219726562,745.760009765625,107.38206481933594,85.1768798828125,96.88999938964844,28.489999771118164,37.40999984741211,690.6699829101562,9.77696704864502,9.805721282958984,27.079999923706055,11.630000114440918,195.47000122070312,7.787934303283691,5.45078706741333,112.62999725341797,51.02000045776367,52.810001373291016,183.36000061035156,83.30000305175781,44.77000045776367,159.5399932861328
2026-07-02,98.26769256591797,91.16771697998047,37.290000915527344,26.56999969482422,65.69999694824219,104.37000274658203,109.69999694824219,56.95000076293945,4112.7001953125,378.1300048828125,79.32488250732422,93.79800415039062,297.5799865722656,108.17169189453125,712.5999755859375,81.6891860961914,592.2899780273438,744.780029296875,107.54090118408203,85.16692352294922,97.88999938964844,28.34000015258789,37.2400016784668,690.7000122070312,9.786931991577148,9.805721282958984,27.149999618530273,11.619999885559082,192.97000122070312,7.768016338348389,5.45078706741333,112.55999755859375,52.0099983215332,53.220001220703125,183.91000366210938,84.98999786376953,45.7599983215332,163.74000549316406
2026-07-06,98.31752014160156,91.15774536132812,37.84000015258789,27.0,67.56999969482422,105.45999908447266,109.44999694824219,56.59000015258789,4155.10009765625,382.1300048828125,79.48411560058594,93.85779571533203,298.8999938964844,108.2015609741211,722.8200073242188,81.72906494140625,604.2999877929688,751.280029296875,107.6997299194336,85.1071548461914,97.88999938964844,28.31999969482422,37.93000030517578,695.760009765625,9.786931991577148,9.81568717956543,27.649999618530273,11.649999618530273,194.0,7.777975082397461,5.460733413696289,111.29000091552734,51.97999954223633,53.130001068115234,185.55999755859375,84.0999984741211,45.29999923706055,161.9600067138672
2026-07-07,97.86907958984375,91.17768096923828,37.38999938964844,27.350000381469727,65.72000122070312,104.16000366210938,109.05999755859375,56.630001068115234,4145.2998046875,377.489990234375,79.37464904785156,93.37943267822266,296.19000244140625,107.41497039794922,709.4299926757812,81.60942840576172,581.4500122070312,747.7100219726562,107.38206481933594,84.21077728271484,98.3499984741211,28.399999618530273,37.189998626708984,692.6599731445312,9.77696704864502,9.78579044342041,27.18000030517578,11.609999656677246,191.8699951171875,7.69830322265625,5.45078706741333,109.41000366210938,51.5099983215332,54.63999938964844,182.3800048828125,84.86000061035156,45.70000076293945,164.44000244140625
2026-07-08,97.69967651367188,91.17768096923828,37.06999969482422,27.799999237060547,66.2300033569336,103.36000061035156,109.12000274658203,56.459999084472656,4070.89990234375,374.45001220703125,79.27513122558594,93.1900863647461,293.4800109863281,107.20587158203125,711.4400024414062,81.58948516845703,593.0,745.4000244140625,107.262939453125,84.02153778076172,97.6500015258789,28.360000610351562,37.459999084472656,690.7100219726562,9.767000198364258,9.765860557556152,27.100000381469727,11.609999656677246,191.4600067138672,7.678385257720947,5.440839767456055,106.04000091552734,50.15999984741211,55.599998474121094,180.4199981689453,84.38999938964844,45.36000061035156,162.3000030517578
2026-07-09,97.83918762207031,91.18765258789062,37.75,27.579999923706055,66.77999877929688,103.91999816894531,109.19000244140625,56.47999954223633,4130.60009765625,378.17999267578125,79.36469268798828,93.38939666748047,297.239990234375,107.2457046508789,723.280029296875,81.6592788696289,607.72998046875,751.7100219726562,107.33243560791016,84.15100860595703,97.5999984741211,28.360000610351562,37.529998779296875,696.3499755859375,9.77696704864502,9.78579044342041,27.239999771118164,11.609999656677246,195.10000610351562,7.6883440017700195,5.440839767456055,107.61000061035156,50.2599983215332,54.81999969482422,181.11000061035156,83.19999694824219,45.130001068115234,162.1699981689453
2026-07-10,97.73953247070312,91.2275390625,37.9900016784668,27.520000457763672,66.9000015258789,104.33000183105469,108.98999786376953,56.7400016784668,4104.10009765625,377.010009765625,79.32488250732422,93.3096694946289,295.989990234375,106.99678039550781,725.510009765625,81.62936401367188,611.030029296875,754.9500122070312,107.34235382080078,84.13109588623047,97.76000213623047,28.389999389648438,37.709999084472656,699.3499755859375,9.767000198364258,9.765860557556152,27.350000381469727,11.609999656677246,195.3699951171875,7.6883440017700195,5.440839767456055,108.61000061035156,50.88999938964844,55.08000183105469,181.9199981689453,84.12000274658203,45.40999984741211,160.83999633789062
2026-07-13,97.37081909179688,91.2275390625,37.939998626708984,28.329999923706055,64.5,103.23999786376953,108.19000244140625,56.459999084472656,3997.0,367.1300048828125,79.13580322265625,92.97084045410156,293.4800109863281,106.49893951416016,711.739990234375,81.53964233398438,585.6199951171875,749.1699829101562,107.12396240234375,83.63310241699219,97.81999969482422,28.5,37.18000030517578,693.7999877929688,9.757033348083496,9.735965728759766,26.8799991607666,11.59000015258789,193.77999877929688,7.638549327850342,5.430893421173096,107.06999969482422,50.58000183105469,56.7400016784668,180.3699951171875,84.58999633789062,45.720001220703125,161.41000366210938
2026-07-14,97.6598129272461,91.23751068115234,38.540000915527344,28.6299991607666,65.66999816894531,103.95999908447266,108.87000274658203,56.56999969482422,4061.10009765625,372.1499938964844,79.29502868652344,93.22994995117188,294.510009765625,106.74785614013672,719.6900024414062,81.67921447753906,600.3099975585938,751.8300170898438,107.22323608398438,83.74266052246094,96.87999725341797,28.389999389648438,37.290000915527344,696.4099731445312,9.77696704864502,9.765860557556152,27.1299991607666,11.600000381469727,195.3000030517578,7.648508071899414,5.430893421173096,108.16000366210938,50.63999938964844,56.95000076293945,180.4499969482422,83.41999816894531,45.689998626708984,158.2899932861328
2026-07-15,97.79932403564453,91.24747467041016,38.630001068115234,28.790000915527344,65.56999969482422,104.6500015258789,109.47000122070312,56.529998779296875,4044.0,372.3500061035156,79.42440032958984,93.45915985107422,295.7699890136719,107.11626434326172,717.739990234375,81.7490005493164,590.77001953125,754.8099975585938,107.28279113769531,83.90201568603516,96.08999633789062,28.25,37.47999954223633,699.1099853515625,9.786931991577148,9.78579044342041,27.280000686645508,11.609999656677246,191.25,7.668426036834717,5.440839767456055,108.91999816894531,50.5,56.5,180.05999755859375,83.47000122070312,45.220001220703125,158.2899932861328
2026-07-16,97.78936004638672,91.2574462890625,38.060001373291016,28.459999084472656,64.19000244140625,103.80999755859375,108.91999816894531,56.45000076293945,3985.60009765625,364.9599914550781,79.4144515991211,93.39936828613281,295.5899963378906,107.03660583496094,705.9400024414062,81.7490005493164,568.9199829101562,750.719970703125,107.18352508544922,83.87213134765625,97.12999725341797,28.34000015258789,37.27000045776367,695.5399780273438,9.77696704864502,9.775826454162598,27.010000228881836,11.609999656677246,189.91000366210938,7.668426036834717,5.440839767456055,110.80000305175781,50.88999938964844,57.02000045776367,180.14999389648438,85.80999755859375,45.470001220703125,161.8000030517578
2026-07-17,97.85911560058594,91.27738952636719,37.91999816894531,28.979999542236328,63.290000915527344,103.33000183105469,109.19000244140625,56.5099983215332,4012.699951171875,368.4100036621094,79.26517486572266,93.51895141601562,294.0400085449219,107.09635162353516,695.3300170898438,81.73902893066406,556.530029296875,743.2899780273438,107.48133087158203,84.1808853149414,96.5999984741211,28.329999923706055,36.59000015258789,688.52001953125,9.77696704864502,9.78579044342041,26.799999237060547,11.630000114440918,189.35000610351562,7.678385257720947,5.440839767456055,108.25,50.529998779296875,57.68000030517578,179.41000366210938,85.19000244140625,45.16999816894531,161.08999633789062
2026-07-20,97.6099853515625,91.287353515625,38.41999816894531,29.139999389648438,63.560001373291016,102.56999969482422,108.80000305175781,56.459999084472656,4010.300048828125,367.6000061035156,79.29502868652344,93.21998596191406,292.30999755859375,106.68811798095703,696.0599975585938,81.70912170410156,558.8300170898438,742.0900268554688,107.262939453125,83.55342102050781,96.5,28.389999389648438,36.560001373291016,687.2100219726562,9.767000198364258,9.755895614624023,26.6299991607666,11.609999656677246,188.97000122070312,7.628590106964111,5.440839767456055,106.06999969482422,50.029998779296875,57.939998626708984,178.1199951171875,84.86000061035156,44.939998626708984,159.25
2026-07-21,97.40071105957031,91.287353515625,39.529998779296875,29.56999969482422,65.33999633789062,104.05999755859375,108.41999816894531,56.220001220703125,4071.10009765625,374.80999755859375,79.26517486572266,92.99076843261719,296.5400085449219,106.38941192626953,708.969970703125,81.63933563232422,584.0800170898438,748.280029296875,107.09417724609375,83.32434844970703,96.55000305175781,28.479999542236328,37.209999084472656,693.2999877929688,9.757033348083496,9.735965728759766,27.1200008392334,11.59000015258789,195.0800018310547,7.608672142028809,5.430893421173096,105.94000244140625,50.099998474121094,58.5,178.66000366210938,84.05999755859375,44.91999816894531,160.25
2026-07-22,97.24127197265625,91.30730438232422,39.25,29.860000610351562,64.98999786376953,104.25,108.18000030517578,56.22999954223633,4146.89990234375,379.1199951171875,79.13580322265625,92.78148651123047,293.7900085449219,106.2101821899414,705.3499755859375,81.57952117919922,586.9099731445312,747.4099731445312,106.98497772216797,83.105224609375,96.25,28.450000762939453,37.20000076293945,692.3599853515625,9.747066497802734,9.716034889221191,27.1200008392334,11.579999923706055,195.49000549316406,7.588754177093506,5.4209465980529785,106.91999816894531,50.81999969482422,59.20000076293945,178.85000610351562,84.37999725341797,45.93000030517578,159.42999267578125
2026-07-23,97.0020980834961,91.30730438232422,38.2400016784668,30.309999465942383,64.5999984741211,102.9000015258789,107.87999725341797,56.0099983215332,4046.60009765625,371.5199890136719,78.84720611572266,92.53234100341797,292.0899963378906,105.80195617675781,691.9600219726562,81.51969909667969,580.1699829101562,738.1799926757812,106.70701599121094,82.8363037109375,96.11000061035156,28.559999465942383,36.849998474121094,684.0,9.737101554870605,9.696104049682617,26.8799991607666,11.550000190734863,195.60000610351562,7.558877468109131,5.401053428649902,106.69000244140625,50.290000915527344,59.380001068115234,181.94000244140625,83.20999908447266,46.189998626708984,161.44000244140625
2026-07-24,97.1216812133789,91.33721160888672,38.349998474121094,30.100000381469727,63.33000183105469,103.41000366210938,107.69000244140625,56.040000915527344,4067.60009765625,371.8999938964844,78.84720611572266,92.71172332763672,291.1700134277344,105.77208709716797,684.22998046875,81.59945678710938,561.1900024414062,738.9299926757812,106.71694946289062,82.91598510742188,96.94999694824219,28.579999923706055,36.439998626708984,684.4000244140625,9.747066497802734,9.706069946289062,26.739999771118164,11.550000190734863,194.63999938964844,7.568836212158203,5.401053428649902,108.44000244140625,51.2599983215332,59.619998931884766,182.66000366210938,84.12999725341797,46.290000915527344,162.57000732421875
2026-07-27,97.35089111328125,91.34718322753906,38.77000045776367,29.010000228881836,63.619998931884766,103.91000366210938,107.58000183105469,56.0099983215332,4074.5,374.6300048828125,78.88700866699219,92.96086883544922,292.9100036621094,106.0508804321289,682.1199951171875,81.61940002441406,548.5499877929688,739.0900268554688,106.60774993896484,83.41397857666016,97.55000305175781,28.600000381469727,36.779998779296875,684.5,9.747066497802734,9.726000785827637,26.8799991607666,11.539999961853027,195.36000061035156,7.608672142028809,5.401053428649902,109.23999786376953,51.38999938964844,58.36000061035156,183.1999969482422,85.36000061035156,45.68000030517578,163.39999389648438
2026-07-28,97.58008575439453,91.35714721679688,38.33000183105469,28.600000381469727,62.36000061035156,103.88999938964844,107.55000305175781,56.0,4036.300048828125,369.3699951171875,79.03628540039062,93.23991394042969,293.3699951171875,106.36949920654297,675.489990234375,81.6891860961914,529.5999755859375,740.8599853515625,106.87578582763672,83.90201568603516,98.55999755859375,28.579999923706055,36.349998474121094,685.9500122070312,9.757033348083496,9.745929718017578,26.690000534057617,11.569999694824219,193.61000061035156,7.648508071899414,5.4110002517700195,109.63999938964844,52.34000015258789,57.56999969482422,182.49000549316406,87.05999755859375,45.52000045776367,167.25999450683594
2026-07-29,97.21138000488281,91.36711883544922,38.349998474121094,29.420000076293945,61.06999969482422,103.37000274658203,108.08999633789062,56.130001068115234,4034.699951171875,371.0799865722656,78.8571548461914,92.85124969482422,288.57000732421875,105.76213073730469,661.72998046875,81.73902893066406,504.2200012207031,729.4600219726562,106.98497772216797,82.51759338378906,98.3499984741211,28.420000076293945,35.97999954223633,675.5399780273438,9.757033348083496,9.726000785827637,26.450000762939453,11.5600004196167,188.1699981689453,7.538959503173828,5.401053428649902,104.68000030517578,51.7400016784668,58.650001525878906,176.66000366210938,87.36000061035156,44.90999984741211,166.24000549316406
2026-07-30,97.28113555908203,91.37709045410156,39.34000015258789,29.31999969482422,63.59000015258789,106.23999786376953,109.51000213623047,57.58000183105469,4100.10009765625,377.1600036621094,79.08604431152344,92.89111328125,292.5899963378906,105.95130920410156,683.5499877929688,81.75897216796875,538.9000244140625,741.6900024414062,106.95519256591797,82.4677963256836,97.83999633789062,28.139999389648438,36.59000015258789,686.760009765625,9.767000198364258,9.726000785827637,27.18000030517578,11.569999694824219,193.3300018310547,7.529000282287598,5.4110002517700195,104.5199966430664,51.63999938964844,58.959999084472656,178.38999938964844,85.47000122070312,44.65999984741211,163.52000427246094
2026-07-31,97.03199768066406,91.4070053100586,39.560001373291016,29.450000762939453,64.08999633789062,105.58000183105469,109.04000091552734,57.65999984741211,4049.10009765625,371.5400085449219,79.09600067138672,92.63199615478516,291.20001220703125,105.79199981689453,687.989990234375,81.7490005493164,540.530029296875,747.030029296875,106.84599304199219,81.91999816894531,97.93000030517578,28.170000076293945,37.04999923706055,691.6099853515625,9.789999961853027,9.739999771118164,27.200000762939453,11.5600004196167,191.13999938964844,7.510000228881836,5.429999828338623,103.69000244140625,50.43000030517578,59.54999923706055,179.83999633789062,85.05000305175781,44.349998474121094,162.5500030517578
2026-08-03,97.26000213623047,91.41999816894531,39.63999938964844,28.8799991607666,64.31999969482422,106.0199966430664,108.75,58.5,4033.699951171875,371.7099914550781,79.30999755859375,92.81999969482422,296.2200012207031,106.11000061035156,700.0700073242188,81.7699966430664,545.4600219726562,757.6699829101562,106.86000061035156,82.19000244140625,98.2699966430664,28.170000076293945,37.43000030517578,701.8800048828125,9.789999961853027,9.75,27.3799991607666,11.5600004196167,192.91000366210938,7.539999961853027,5.449999809265137,106.36000061035156,51.0099983215332,58.790000915527344,183.16000366210938,84.86000061035156,44.36000061035156,162.24000549316406
2026-08-04,97.66000366210938,91.41999816894531,40.13999938964844,28.309999465942383,66.0,107.31999969482422,108.88999938964844,58.150001525878906,4095.39990234375,374.1600036621094,79.55000305175781,93.25,301.7099914550781,106.76000213623047,723.8499755859375,81.87000274658203,575.7100219726562,771.3300170898438,107.05000305175781,82.81999969482422,99.69999694824219,28.15999984741211,37.88999938964844,714.4400024414062,9.8100004196167,9.789999961853027,27.770000457763672,11.59000015258789,198.0,7.599999904632568,5.460000038146973,109.61000061035156,52.0,58.52000045776367,186.39999389648438,85.37000274658203,44.11000061035156,162.10000610351562
2026-08-05,97.70999908447266,91.43000030517578,40.849998474121094,28.479999542236328,65.72000122070312,107.43000030517578,109.13999938964844,58.150001525878906,4245.7998046875,389.6400146484375,79.5199966430664,93.30999755859375,299.7699890136719,106.73999786376953,717.2999877929688,81.9000015258789,569.7000122070312,769.7899780273438,107.0,83.0,99.69000244140625,28.09000015258789,37.900001525878906,713.239990234375,9.8100004196167,9.789999961853027,27.760000228881836,11.579999923706055,197.33999633789062,7.610000133514404,5.460000038146973,110.87999725341797,52.63999938964844,57.310001373291016,186.35000610351562,85.33000183105469,43.65999984741211,164.16000366210938
2026-08-06,97.43000030517578,91.44999694824219,40.7599983215332,28.860000610351562,65.0199966430664,107.36000061035156,108.44999694824219,57.88999938964844,4242.0,389.6700134277344,79.45999908447266,92.94999694824219,298.25,106.36000061035156,714.6500244140625,81.80000305175781,571.47998046875,768.5599975585938,106.87000274658203,82.5199966430664,100.0,28.190000534057617,37.849998474121094,711.97998046875,9.789999961853027,9.760000228881836,27.68000030517578,11.569999694824219,196.1999969482422,7.559999942779541,5.460000038146973,108.80999755859375,52.16999816894531,58.15999984741211,184.75999450683594,85.11000061035156,43.380001068115234,164.4499969482422
2026-08-07,97.5999984741211,91.4800033569336,39.900001525878906,28.90999984741211,65.63999938964844,108.55000305175781,109.12000274658203,58.2400016784668,4340.7001953125,398.4700012207031,79.61000061035156,93.16999816894531,301.55999755859375,106.55000305175781,723.030029296875,81.91999816894531,582.7000122070312,773.260009765625,107.08000183105469,82.76000213623047,100.62000274658203,28.06999969482422,38.099998474121094,716.4199829101562,9.8100004196167,9.779999732971191,27.950000762939453,11.59000015258789,197.6300048828125,7.579999923706055,5.460000038146973,110.80000305175781,52.86000061035156,57.5,185.17999267578125,85.12000274658203,43.61000061035156,165.67999267578125
2026-08-10,97.23999786376953,91.4800033569336,40.18000030517578,29.93000030517578,65.16999816894531,108.01000213623047,108.7699966430664,57.619998931884766,4361.7998046875,402.5400085449219,79.4800033569336,92.76000213623047,299.9800109863281,105.95999908447266,720.8699951171875,81.86000061035156,569.4099731445312,773.030029296875,106.86000061035156,82.05999755859375,100.83000183105469,28.139999389648438,38.15999984741211,716.0599975585938,9.789999961853027,9.75,27.860000610351562,11.5600004196167,197.49000549316406,7.519999980926514,5.460000038146973,108.23999786376953,53.18000030517578,60.18000030517578,184.60000610351562,84.94999694824219,43.130001068115234,168.44000244140625
2026-08-11,97.31999969482422,91.48999786376953,40.220001220703125,29.969999313354492,65.43000030517578,108.08999633789062,108.68000030517578,57.630001068115234,4383.0,400.9599914550781,79.51000213623047,92.87000274658203,300.989990234375,105.98999786376953,718.4500122070312,81.87000274658203,572.9299926757812,770.5599975585938,106.88999938964844,82.19000244140625,100.7300033569336,28.139999389648438,37.95000076293945,713.780029296875,9.800000190734863,9.760000228881836,27.8700008392334,11.5600004196167,197.77000427246094,7.53000020980835,5.460000038146973,110.30000305175781,53.2400016784668,60.93000030517578,185.6999969482422,84.69000244140625,43.630001068115234,168.00999450683594
2026-08-12,97.43000030517578,91.51000213623047,40.02000045776367,30.110000610351562,66.45999908447266,108.5,108.2699966430664,57.52000045776367,4408.89990234375,404.9200134277344,79.61000061035156,92.95999908447266,302.7099914550781,106.12000274658203,723.7000122070312,81.91999816894531,584.8300170898438,772.489990234375,106.91999816894531,82.11000061035156,100.7699966430664,28.200000762939453,38.189998626708984,715.6799926757812,9.800000190734863,9.760000228881836,28.059999465942383,11.569999694824219,200.25999450683594,7.53000020980835,5.460000038146973,108.3499984741211,52.58000183105469,61.029998779296875,185.8800048828125,85.08000183105469,43.84000015258789,168.44000244140625
2026-08-13,97.69000244140625,91.51000213623047,39.849998474121094,29.780000686645508,66.68000030517578,108.69000244140625,108.12999725341797,57.529998779296875,4363.60009765625,398.9599914550781,79.79000091552734,93.30000305175781,303.5,106.55000305175781,732.0700073242188,82.02999877929688,589.1199951171875,777.8800048828125,107.16000366210938,82.58999633789062,101.37000274658203,28.18000030517578,38.11000061035156,720.3499755859375,9.819999694824219,9.789999961853027,28.149999618530273,11.600000381469727,202.8800048828125,7.570000171661377,5.46999979019165,109.52999877929688,52.310001373291016,61.060001373291016,185.7899932861328,86.0,44.040000915527344,168.3800048828125
2026-08-14,97.4800033569336,91.52999877929688,40.0099983215332,30.0,66.61000061035156,108.63999938964844,108.33000183105469,57.58000183105469,4380.39990234375,401.4800109863281,79.70999908447266,93.04000091552734,305.0899963378906,106.12000274658203,731.0700073242188,82.0,587.8200073242188,776.3400268554688,106.98999786376953,82.04000091552734,101.12999725341797,28.110000610351562,37.959999084472656,719.219970703125,9.8100004196167,9.770000457763672,28.139999389648438,11.579999923706055,204.0800018310547,7.519999980926514,5.46999979019165,109.0199966430664,52.540000915527344,61.90999984741211,186.50999450683594,86.08999633789062,44.310001373291016,167.3699951171875
2026-08-17,97.25,91.55000305175781,40.130001068115234,30.559999465942383,67.31999969482422,108.44999694824219,108.62999725341797,57.529998779296875,4417.7998046875,405.489990234375,79.61000061035156,92.83999633789062,304.05999755859375,105.69999694824219,729.8699951171875,82.0,594.0700073242188,772.6699829101562,106.7699966430664,81.3499984741211,100.4000015258789,28.100000381469727,38.13999938964844,715.5399780273438,9.8100004196167,9.760000228881836,28.190000534057617,11.5600004196167,204.02999877929688,7.46999979019165,5.460000038146973,108.19000244140625,52.2400016784668,62.58000183105469,186.32000732421875,84.68000030517578,44.18000030517578,167.0500030517578
2026-08-18,97.3499984741211,91.55999755859375,39.18000030517578,30.479999542236328,65.33999633789062,107.2699966430664,108.41000366210938,57.47999954223633,4366.0,398.54998779296875,79.52999877929688,92.93000030517578,300.2300109863281,105.83999633789062,717.510009765625,82.0199966430664,569.77001953125,767.4500122070312,107.0199966430664,81.66000366210938,100.5199966430664,28.139999389648438,37.70000076293945,710.6199951171875,9.8100004196167,9.760000228881836,27.760000228881836,11.579999923706055,200.57000732421875,7.489999771118164,5.460000038146973,105.94999694824219,51.779998779296875,63.68000030517578,183.57000732421875,85.58000183105469,44.02000045776367,169.72999572753906
2026-08-19,97.81999969482422,91.56999969482422,39.38999938964844,30.760000228881836,66.11000061035156,107.66000366210938,110.4800033569336,58.02000045776367,4489.39990234375,413.8399963378906,79.70999908447266,93.37999725341797,301.7200012207031,106.56999969482422,716.0800170898438,82.05999755859375,560.9199829101562,769.0599975585938,107.51000213623047,83.0199966430664,101.29000091552734,27.8799991607666,37.77000045776367,712.1799926757812,9.8100004196167,9.789999961853027,27.860000610351562,11.630000114440918,201.00999450683594,7.599999904632568,5.460000038146973,108.2300033569336,52.52000045776367,63.58000183105469,181.9499969482422,86.54000091552734,44.02000045776367,175.67999267578125
2026-08-20,97.48999786376953,91.56999969482422,39.349998474121094,31.110000610351562,66.62000274658203,107.3499984741211,110.02999877929688,57.65999984741211,4516.2998046875,415.260009765625,79.55999755859375,93.0,297.6700134277344,106.05999755859375,710.9299926757812,82.0199966430664,562.6500244140625,762.5999755859375,107.5199966430664,82.33999633789062,100.66999816894531,27.90999984741211,37.849998474121094,706.0900268554688,9.8100004196167,9.760000228881836,27.8700008392334,11.619999885559082,201.60000610351562,7.550000190734863,5.460000038146973,105.62000274658203,52.41999816894531,63.75,179.77000427246094,85.31999969482422,43.77000045776367,172.38999938964844
