date,SPRING,SUMMER,FALL,WINTER,modal_season,confidence,liquidity_z,growth_z,inflation_z,liquidity_pillar_z
1990-01-31,,,,,,,,,,
1990-02-28,,,,,,,,,,
1990-03-31,,,,,,,,,,
1990-04-30,,,,,,,,,,
1990-05-31,,,,,,,,,,
1990-06-30,,,,,,,,,,
1990-07-31,,,,,,,,,,
1990-08-31,,,,,,,,,,
1990-09-30,,,,,,,,,,
1990-10-31,,,,,,,,,,
1990-11-30,,,,,,,,,,
1990-12-31,,,,,,,,,,
1991-01-31,,,,,,,,,,
1991-02-28,,,,,,,,,,
1991-03-31,,,,,,,,,,
1991-04-30,,,,,,,,,,
1991-05-31,,,,,,,,,,
1991-06-30,,,,,,,,,,
1991-07-31,,,,,,,,,,
1991-08-31,,,,,,,,,,
1991-09-30,,,,,,,,,,
1991-10-31,,,,,,,,,,
1991-11-30,,,,,,,,,,
1991-12-31,,,,,,,,,,
1992-01-31,,,,,,,,,,
1992-02-29,,,,,,,,,,
1992-03-31,,,,,,,,,,
1992-04-30,,,,,,,,,,
1992-05-31,,,,,,,,,,
1992-06-30,,,,,,,,,,
1992-07-31,,,,,,,,,,
1992-08-31,,,,,,,,,,
1992-09-30,,,,,,,,,,
1992-10-31,,,,,,,,,,
1992-11-30,,,,,,,,,,
1992-12-31,,,,,,,,,,
1993-01-31,,,,,,,,,,
1993-02-28,,,,,,,,,,
1993-03-31,,,,,,,,0.7371077797478995,,
1993-04-30,,,,,,,,0.6051576079807575,,
1993-05-31,,,,,,,,0.6005456147854095,,
1993-06-30,,,,,,,-0.47277611176473866,0.7125764512415252,,-0.47277611176473866
1993-07-31,,,,,,,-0.2972083903923494,0.42841777598266,,-0.2972083903923494
1993-08-31,,,,,,,-0.027529963756518165,0.3918818274169007,,-0.027529963756518165
1993-09-30,,,,,,,0.31478589723898603,0.29103966693633954,,0.31478589723898603
1993-10-31,,,,,,,0.41929646194041326,0.5289247638184028,,0.41929646194041326
1993-11-30,,,,,,,0.39063627941433665,0.704162574244314,,0.39063627941433665
1993-12-31,,,,,,,-0.15473910117418718,0.6964959936891867,,-0.15473910117418718
1994-01-31,,,,,,,-0.34711041788145863,0.7065700559302153,,-0.34711041788145863
1994-02-28,,,,,,,-0.5069556596607946,0.5237961307784282,,-0.5069556596607946
1994-03-31,0.40989306036688755,0.23108061023822413,0.1294343700730144,0.22959195932187393,SPRING,0.057509084151327605,-0.8594992233345901,0.4346944903846516,-0.42984726418825997,-0.8594992233345901
1994-04-30,0.37417458944267745,0.33409906071148326,0.13760994701281126,0.15411640283302808,SPRING,0.06568489267985489,-1.039085136288148,0.6652607443017304,-0.0849637254163058,-1.039085136288148
1994-05-31,0.297204572863197,0.4483413294862455,0.15301846348342307,0.1014356341671344,SUMMER,0.10579435802082993,-0.9340834447578619,0.8062471860151635,0.3083506044632577,-0.9340834447578619
1994-06-30,0.21718322626741135,0.5579215578798776,0.16187990547150685,0.06301531038120413,SUMMER,0.18763649506014268,-0.9292403023348159,0.9280227293680995,0.7076077629565232,-0.9292403023348159
1994-07-31,0.18768065828669742,0.5823247369108587,0.1739358562521993,0.056058748550244536,SUMMER,0.21039721236015474,-0.8677665607702301,0.9062562527294002,0.849214775199151,-0.8677665607702301
1994-08-31,0.13639846122669727,0.6436398131371128,0.18149894516555862,0.038462780470631265,SUMMER,0.28559852999194923,-0.8455062851391867,0.9494170735056328,1.1636691069392435,-0.8455062851391867
1994-09-30,0.11942774593566792,0.6396425925618568,0.20302317913453333,0.037906482367941856,SUMMER,0.287761636183852,-0.9144929222489316,0.8606920618415107,1.2586485144429367,-0.9144929222489316
1994-10-31,0.14589260866464854,0.5756620346704918,0.22214592067671562,0.056299435988144075,SUMMER,0.21019278889042592,-1.1292731058026066,0.7141397076293635,1.029487461875773,-1.1292731058026066
1994-11-30,0.26099866230362107,0.44581002890909466,0.18492645530729296,0.10826485347999132,SUMMER,0.08854350536220357,-1.3724185792086794,0.659951032478082,0.40153322632049887,-1.3724185792086794
1994-12-31,0.3335061457299603,0.38019802625609644,0.15251292203232714,0.13378290598161613,SUMMER,0.06960073021990743,-1.513107556560169,0.6850821837107467,0.09827320916133797,-1.513107556560169
1995-01-31,0.3999239923612589,0.3218552630632191,0.12406398530023817,0.15415675927528374,SPRING,0.0777202020157598,-1.2563447950067554,0.714978380922146,-0.16287941929186533,-1.2563447950067554
1995-02-28,0.27210108939523736,0.40088209934610886,0.19479711828169366,0.13221969297696012,SUMMER,0.05736428576437835,-0.8351290300575273,0.5412815771985622,0.29062028853237754,-0.8351290300575273
1995-03-31,0.23589715599798614,0.38983989720335016,0.23316923292389483,0.14109371387476885,SUMMER,0.045110918540921086,-0.523286537883517,0.38547871752169083,0.37675515335203297,-0.523286537883517
1995-04-30,0.20702720359839846,0.3509277448177776,0.27802580387630477,0.16401924770751916,SUMMER,0.02912049949414397,-0.2554120932843947,0.1746498134795039,0.3957976080557101,-0.2554120932843947
1995-05-31,0.20029073541772527,0.3426001767812798,0.2884661554834504,0.16864293231754454,SUMMER,0.027732382994018367,0.05324433989515543,0.12898975112862018,0.4025955853634878,0.05324433989515543
1995-06-30,0.20644365862972378,0.33412354808079314,0.28397452359842745,0.17545826969105563,SUMMER,0.022689739148744503,0.27445091611463396,0.12196972538577003,0.3611124700532515,0.27445091611463396
1995-07-31,0.22279127293109435,0.3371216057450601,0.26497493209872536,0.17511218922512017,SUMMER,0.020335604928690687,0.5278014052743906,0.1806063656345382,0.3106562818895969,0.5278014052743906
1995-08-31,0.29588033842398614,0.2978719138577525,0.20380519593518967,0.20244255178307166,SUMMER,0.012759972728934699,0.5833248444568738,0.284624219330862,0.005031348247762378,0.5833248444568738
1995-09-30,0.4188821394644162,0.2542884269176579,0.12345896670996304,0.20337046690796276,SPRING,0.06595515047044131,0.8710913391159105,0.5419202357464483,-0.37434032134798456,0.8710913391159105
1995-10-31,0.4370589355094573,0.21944542827401547,0.11481804411075092,0.22867759210577632,SPRING,0.07632613041739511,1.0497816596827625,0.485816199797757,-0.516723349954023,1.0497816596827625
1995-11-30,0.3464487547670939,0.3043561403678024,0.16330497073173322,0.18589013413337038,SPRING,0.03483624912681349,1.1035245270685352,0.46693431848237643,-0.09715228778700381,1.1035245270685352
1995-12-31,0.2526146680859422,0.3327046461208844,0.23571098282813902,0.1789697029650344,SUMMER,0.017327552841802096,1.1118484765574894,0.25848655674449716,0.2065424033702391,1.1118484765574894
1996-01-31,0.2232607819623157,0.2940442849905033,0.27437134395852014,0.2083235890886609,SUMMER,0.007206175016295502,0.9727357555031059,0.05193594484073837,0.2065424033702391,0.9727357555031059
1996-02-29,0.21620390721106836,0.31424060939714343,0.2781693402927365,0.19138614309905172,SUMMER,0.013729168086950905,0.023635823421534603,0.09144667383900298,0.2804527403915951,0.023635823421534603
1996-03-31,0.1790214346264866,0.398173255964912,0.2916689453847579,0.13113636402384352,SUMMER,0.0619537692324621,-0.4942959969535401,0.23345086248729602,0.5995362614010422,-0.4942959969535401
1996-04-30,0.21041760599439382,0.4680035296663518,0.22183867168331814,0.0997401926559363,SUMMER,0.10027715834155126,-0.66418093909043,0.5598940682592618,0.5995362614010422,-0.66418093909043
1996-05-31,0.2705013301593678,0.5222918262618242,0.1365077887847303,0.0706990547940776,SUMMER,0.16896377417322972,-0.7992862670061093,1.0063836090903047,0.4934621025954059,-0.7992862670061093
1996-06-30,0.2760127113413566,0.585903356758995,0.09386510149740585,0.04421883040224256,SUMMER,0.2580841026483257,-0.8077932705367871,1.3734721460110206,0.564530951646328,-0.8077932705367871
1996-07-31,0.28975010987580935,0.5546333961973539,0.10221671066545905,0.053399783261377794,SUMMER,0.22423999916252824,-0.7705410702571202,1.2684091306849339,0.4869663650009529,-0.7705410702571202
1996-08-31,0.2741086057117414,0.5292605289180006,0.12954064491839162,0.06709022045186647,SUMMER,0.1794501426748787,-0.17906629775872565,1.0556145836869781,0.4934673035906689,-0.17906629775872565
1996-09-30,0.2448176470854062,0.43725869714518295,0.20381132506535005,0.11411233070406078,SUMMER,0.07804969663608552,0.023662208592593496,0.5724977366288156,0.43500852633657217,0.023662208592593496
1996-10-31,0.18971755377874724,0.39142902255356254,0.28211709901859067,0.13673632464909954,SUMMER,0.05391085068217372,-0.022947358257045462,0.24561148000544375,0.5432008468193606,-0.022947358257045462
1996-11-30,0.16918112819289302,0.3945622602461923,0.305334657992923,0.13092195356799172,SUMMER,0.06516953534098224,-0.014009440124781143,0.19227640056119355,0.635105282275793,-0.014009440124781143
1996-12-31,0.12571592804739606,0.4274017394685211,0.34531221376317833,0.10157011872090449,SUMMER,0.11745314136731777,-0.002347670449656803,0.15995657815221118,0.9177746928120116,-0.002347670449656803
1997-01-31,0.1390070667292203,0.4725881838623243,0.30012576936937513,0.08827898003908025,SUMMER,0.131493726611852,0.04325438203438059,0.34051705799878546,0.9177746928120116,0.04325438203438059
1997-02-28,0.30377560749479743,0.34343373820245643,0.1872040538591943,0.16558660044355183,SUMMER,0.03308722782417861,0.17776455225640883,0.4550962290971615,0.09202867166876579,0.17776455225640883
1997-03-31,0.38320326832025864,0.2618736491671655,0.14408359727588485,0.21083948523669102,SPRING,0.04364151542334693,0.30651675959471625,0.44810134843775445,-0.28552758204617973,0.30651675959471625
1997-04-30,0.3978462526163261,0.2718803794049252,0.13407686703812516,0.1961965009406236,SPRING,0.055232852101110175,0.39276398360086995,0.5302116883993686,-0.28552758204617973,0.39276398360086995
1997-05-31,0.4639691676315635,0.15848172445580452,0.09612747680076596,0.281421631111866,SPRING,0.11260261943160021,0.47161086295079446,0.374973067199779,-0.8056341130477833,0.47161086295079446
1997-06-30,0.5115156581086017,0.08727628541430521,0.058477655263031975,0.3427304012140612,SPRING,0.21461769442629275,0.37957300512738823,0.30032554593626665,-1.3262245618923738,0.37957300512738823
1997-07-31,0.5468916023064172,0.13696835822179762,0.0633187855320244,0.25282125393976074,SPRING,0.18868179628188542,0.35418100567134475,0.57867591171507,-1.0383755084149495,0.35418100567134475
1997-08-31,0.4418792469781103,0.2257273910056483,0.11238696880264908,0.22000639321359228,SPRING,0.07982208493684062,0.3235144571811253,0.5230350314089645,-0.5037814583796744,0.3235144571811253
1997-09-30,0.33724931277773684,0.3577557183991782,0.15699698460407632,0.14799798421900864,SUMMER,0.056658397900318125,0.37246351954724,0.6177178528745432,0.044270958968155895,0.37246351954724
1997-10-31,0.2704109039809703,0.3435376280401063,0.21601681361513134,0.1700346543637921,SUMMER,0.024026974863140538,0.1374162000778161,0.3479553024409199,0.1795154849931791,0.1374162000778161
1997-11-30,0.30821766774935755,0.2912626737609929,0.19459591674286944,0.2059237417467801,SPRING,0.014661666030047704,-0.05439348162861195,0.3024752492118308,-0.042435545886585053,-0.05439348162861195
1997-12-31,0.39689654814109504,0.2627444255204157,0.1355698636329455,0.20478916270554376,SPRING,0.052441086897281775,0.09992646643906115,0.4962710155600613,-0.3093704018076611,0.09992646643906115
1998-01-31,0.4450039834825941,0.19477398891898826,0.10966598451093552,0.2505560430874821,SPRING,0.08524095127124975,0.34855526340562787,0.430800460027567,-0.619682533942105,0.34855526340562787
1998-02-28,0.5412062222758605,0.16430338901854916,0.06858272108999938,0.22590766761559103,SPRING,0.17127001799545738,0.6628506728198172,0.6552555209962241,-0.8940643061766925,0.6628506728198172
1998-03-31,0.5658981045055947,0.12920604884435405,0.056674078934576835,0.24822176771547436,SPRING,0.21001676545889203,0.7602387385693631,0.6180685975331707,-1.1077542200157664,0.7602387385693631
1998-04-30,0.5597448002926728,0.13307573772304063,0.059002485165932705,0.24817697681835388,SPRING,0.2021552440872526,0.8608865773073566,0.6100041436739889,-1.077421907542446,0.8608865773073566
1998-05-31,0.45922737308824907,0.19900910063228755,0.10332768649139228,0.2384358397880711,SPRING,0.09468753490424542,0.885959261436747,0.49158389627922827,-0.6271461735848858,0.885959261436747
1998-06-30,0.3445851859026144,0.31036228576980124,0.16351126774936525,0.18154126057821912,SPRING,0.03619933919559015,0.8079891849525901,0.4806437812768797,-0.0784507912632176,0.8079891849525901
1998-07-31,0.2907532383943751,0.34823575649170774,0.1967435143231053,0.16426749079081185,SUMMER,0.031163115805077357,0.6867028578646049,0.42823409166030596,0.13530358663181985,0.6867028578646049
1998-08-31,0.20094470410573334,0.23098161116669147,0.30378925830674314,0.264284426420832,FALL,0.0084519418001755,0.5106096390624595,-0.20549709730759533,0.10448125181599177,0.5106096390624595
1998-09-30,0.17690042565877215,0.21939772687349443,0.3342201123003359,0.2694817351673975,FALL,0.019783589630798737,0.30004400208922966,-0.31568520573335596,0.16147438482287074,0.30004400208922966
1998-10-31,0.22694528710923384,0.18954410195661878,0.26555537220225184,0.3179552387318957,WINTER,0.013021173592624558,0.22629898755206268,-0.25290123876640624,-0.13506542777301178,0.22629898755206268
1998-11-30,0.31956912805610294,0.15899401260038346,0.173238035990483,0.34819882335303054,WINTER,0.042067872694877995,0.3751195846070798,-0.06435002583276304,-0.523580301560614,0.3751195846070798
1998-12-31,0.3213767809190679,0.18966915669430723,0.18146999682304027,0.3074840655635846,SPRING,0.024404666014778198,0.6877624948934348,0.0331432053996769,-0.39549969998877127,0.6877624948934348
1999-01-31,0.29942865251545503,0.3008919402362843,0.20032681499092012,0.19935259225734056,SUMMER,0.014620767543261581,0.9163690131141953,0.30510081742497114,0.0036562729228209693,0.9163690131141953
1999-02-28,0.328502459650043,0.42140856464213206,0.14053618745681273,0.10955278825101224,SUMMER,0.09984053093636536,0.9191241683265191,0.8236033558803729,0.1867938750039857,0.9191241683265191
1999-03-31,0.2926416232982422,0.4741261723712817,0.14421770572193646,0.08901449860853965,SUMMER,0.12859667774209982,0.8941307746155097,0.8926121021485226,0.36189355575098864,0.8941307746155097
1999-04-30,0.16823403091534395,0.5466774821166204,0.21800104403851506,0.06708744292952062,SUMMER,0.17526748822706228,0.6856812200839774,0.6895193732767324,0.8838772238473229,0.6856812200839774
1999-05-31,0.06800857798689092,0.5845700425563293,0.31121480873058677,0.036206570726193106,SUMMER,0.2930196721149688,0.43432152577572547,0.472794922464417,1.6134320722001387,0.43432152577572547
1999-06-30,0.06266255087749115,0.5875432354751512,0.31608335137975907,0.03371086226759858,SUMMER,0.30436142315623993,0.1615780445147851,0.46495791496041067,1.6786393808178959,0.1615780445147851
1999-07-31,0.07616027252332884,0.5465116027104004,0.33117634891782927,0.046151775848441504,SUMMER,0.25394822758730695,-0.1256314794398364,0.3756783964839737,1.478036677168196,-0.1256314794398364
1999-08-31,0.10073379548853277,0.528369871314648,0.31150740042274916,0.059388932774070105,SUMMER,0.20701954275296608,-0.36842215177028115,0.39628009274456194,1.2429864024353336,-0.36842215177028115
1999-09-30,0.09503331527592472,0.48592031869227226,0.35049809799478626,0.06854826803701676,SUMMER,0.1880917349332486,-0.5501701882718999,0.24501703292930765,1.223862854933561,-0.5501701882718999
1999-10-31,0.0892321551715556,0.487797114251038,0.35756228101699394,0.06540844956041246,SUMMER,0.19792813028091716,-0.585286362067908,0.23294250774302916,1.2739935834798897,-0.585286362067908
1999-11-30,0.07631271463698003,0.5379770892562487,0.33779373722772127,0.04791645887905011,SUMMER,0.24831407599976052,-0.5004144233506121,0.3490353824325255,1.464732307317517,-0.5004144233506121
1999-12-31,0.09916747363840366,0.5026563577855627,0.3325653990468895,0.0656107695291442,SUMMER,0.19225361055026247,-0.4408391208862677,0.3098026662654874,1.2173225081180596,-0.4408391208862677
2000-01-31,0.14029078998683295,0.4580042507798271,0.3075114556397628,0.09419350359357716,SUMMER,0.1211569516348111,-0.36670263455074137,0.2987745934380538,0.8873708440772077,-0.36670263455074137
2000-02-29,0.12645692438455272,0.45610996110080243,0.3268215313419968,0.09061158317264803,SUMMER,0.13249124449166638,-0.2739878451315479,0.24998975776059879,0.9621241437977478,-0.2739878451315479
2000-03-31,0.12526154958539829,0.5386286287561345,0.27269325297690344,0.06341656868156384,SUMMER,0.19012734280464016,-0.411765493783383,0.5105090887500289,1.09396678876073,-0.411765493783383
2000-04-30,0.07428720157579746,0.582729883498739,0.3042027347491261,0.038780180176337366,SUMMER,0.28162803733102393,-0.4971576968786285,0.4875220407103078,1.5448388053777198,-0.4971576968786285
2000-05-31,0.12552298885741964,0.46821179037234617,0.32037565094234854,0.08588956982788565,SUMMER,0.1406640658294469,-0.46484457857249134,0.2845698904390361,0.9873238628533644,-0.46484457857249134
2000-06-30,0.16256718306270354,0.34900344485836826,0.3332160294626137,0.1552133426163145,SUMMER,0.0492174085341911,-0.40491252227624347,0.03471808203121255,0.5729928316849746,-0.40491252227624347
2000-07-31,0.18846935039853613,0.22653085099598852,0.31932635638554335,0.265673442219932,FALL,0.013512304823933952,-0.3024379316217113,-0.2574993730867957,0.13795931011729706,-0.3024379316217113
2000-08-31,0.11014912147688559,0.2634305948139899,0.4417217015405541,0.1846985821685704,FALL,0.08585881256969641,-0.12360464216352197,-0.3876675849413306,0.6539661288578752,-0.12360464216352197
2000-09-30,0.0798880542666848,0.18539641898828577,0.5134624954197855,0.22125303132524382,FALL,0.14135112274965544,0.07256382451978317,-0.7640104887424937,0.6314025036336343,0.07256382451978317
2000-10-31,0.12036732718274479,0.20517853833232635,0.42508146514736034,0.24937266933756852,FALL,0.06960851219592534,0.06717382740341356,-0.5463002358391922,0.39999929375221216,0.06717382740341356
2000-11-30,0.11452668946583582,0.15710899595771263,0.4212722859888775,0.30709202858757406,FALL,0.08699906035370386,-0.011489043765211744,-0.7397546838367338,0.23709893597973805,-0.011489043765211744
2000-12-31,0.09886828680974431,0.09010565372152295,0.3867095805282716,0.42431647894046115,WINTER,0.15111573406090417,-0.02561875836455225,-1.0925182960100686,-0.06960421200088808,-0.02561875836455225
2001-01-31,0.06899408542268476,0.07605988641680117,0.44829587890459005,0.4066501492559241,FALL,0.20219455559327937,0.3466394248970299,-1.3304493369293406,0.0731251700630789,0.3466394248970299
2001-02-28,0.06145965799270245,0.07616005970891965,0.47724944425507493,0.385130838043303,FALL,0.21513777847571136,0.7434362424219507,-1.3764015927418645,0.16084213687703236,0.7434362424219507
2001-03-31,0.07732325436278721,0.07445161193717244,0.41608818396045855,0.43213694973958183,WINTER,0.19299705066579342,0.9538220111687581,-1.2905608562275928,-0.028383999616027854,0.9538220111687581
2001-04-30,0.10456078372908237,0.048413559229960344,0.26806800423668303,0.5789576528042744,WINTER,0.241126006090849,1.0723073580461884,-1.283595578705155,-0.5774914806874878,1.0723073580461884
2001-05-31,0.10354700986712984,0.026572725904261157,0.17764476459961687,0.6922354996289921,WINTER,0.35597511450748376,1.2083647334628294,-1.4249253779279294,-1.0201052725364566,1.2083647334628294
2001-06-30,0.08720440618050365,0.05249144457769858,0.32326377143480384,0.537040377806994,WINTER,0.23078473307537162,1.3289904595586315,-1.3633638179233176,-0.38070349750349425,1.3289904595586315
2001-07-31,0.07743725220944774,0.0755515941423695,0.4182856753317008,0.42872547831648206,WINTER,0.19141998055023968,1.3902055546506151,-1.2835116329305134,-0.018489127886607743,1.3902055546506151
2001-08-31,0.12908861197370894,0.0652749027828485,0.27056437685050283,0.5350721083929397,WINTER,0.18435385580479535,1.234481261604934,-1.0664268275908881,-0.5114185933740497,1.234481261604934
2001-09-30,0.0979861373721701,0.0227382687298097,0.1656102969330601,0.7136652969649601,WINTER,0.3852782271344203,1.0474758891125422,-1.4891910505463999,-1.0955824958313303,1.0474758891125422
2001-10-31,0.049134578366385934,0.007419635134644256,0.12377545494487918,0.8196703315540906,WINTER,0.5628407948383749,1.123056865951698,-2.1107543955590526,-1.4178248609325794,1.123056865951698
2001-11-30,0.04591679245787377,0.004810114555939254,0.0900136158684182,0.8592594771177688,WINTER,0.6290770546275716,0.9924085700245163,-2.1969300347075174,-1.6920824991584442,0.9924085700245163
2001-12-31,0.07981751749184395,0.007073146309514329,0.07432968801206859,0.8387796481865731,WINTER,0.5834459076106431,0.8668963738819738,-1.7641537784367474,-1.8175781957471544,0.8668963738819738
2002-01-31,0.14882553249529318,0.009416095944715038,0.050088448071557025,0.7916699234884348,WINTER,0.5222193380366292,0.7934285194184046,-1.25352738348224,-2.070265603186927,0.7934285194184046
2002-02-28,0.20808854660891768,0.015506313571374525,0.053843731232299644,0.7225614085874082,WINTER,0.43491452512713236,0.7180087251925589,-0.9336290377455889,-1.9475373193423688,0.7180087251925589
2002-03-31,0.27403692437544963,0.05268655580037628,0.10857077340052189,0.5647057464236522,WINTER,0.22557364880831843,0.5803220615106021,-0.5422814511664009,-1.236676907215191,0.5803220615106021
2002-04-30,0.18860661779967744,0.14392754720993045,0.288892783313918,0.3785730516764741,WINTER,0.04778347550474338,0.3863459167092824,-0.5225591990277009,-0.20276507255890466,0.3863459167092824
2002-05-31,0.08542144562438965,0.2525731054969382,0.4946966497668784,0.1673087991117938,FALL,0.13076823063390197,0.2723427943453331,-0.50418300932057,0.8130776584038096,0.2723427943453331
2002-06-30,0.06510149953809206,0.21585808659301395,0.5524306540242457,0.1666097598446482,FALL,0.18113123631696326,0.33348402656579706,-0.7047800453919103,0.8990052014388372,0.33348402656579706
2002-07-31,0.09073872421736726,0.20332871176087722,0.4881069485137265,0.21782561550802906,FALL,0.11728655020309908,0.2192903008286586,-0.6567829495771174,0.6051297936144057,0.2192903008286586
2002-08-31,0.09132233158422344,0.2047956554062145,0.4868058831819417,0.21707612982762034,FALL,0.11609511943616335,0.14812890009895316,-0.6493895755168461,0.6057129943095863,0.14812890009895316
2002-09-30,0.055429594953470634,0.20388107818836856,0.5823614459550498,0.15832788090311103,FALL,0.2128458596267926,0.08420182265584919,-0.7871658167394832,0.976817413314661,0.08420182265584919
2002-10-31,0.06586404488043032,0.17229267333936982,0.551149749898748,0.21069353188145187,FALL,0.17866036768847238,0.1385299317019322,-0.8721089480215148,0.7212014463949514,0.1385299317019322
2002-11-30,0.06290040086579145,0.2157217307441342,0.5585230483681985,0.16285482002187573,FALL,0.18794772061352782,0.4639657517551076,-0.7134799443426045,0.9243275675927651,0.4639657517551076
2002-12-31,0.042815007917179786,0.16180614748970246,0.6289534744465358,0.16642537014658196,FALL,0.26444854172339405,0.680045945512522,-1.0182437161459272,0.9971327286617923,0.680045945512522
2003-01-31,0.02374264937523911,0.17152350011086243,0.7068852797123447,0.0978485708015537,FALL,0.3768618471021906,0.6960368203068736,-1.0621110788519597,1.48308547613884,0.6960368203068736
2003-02-28,0.027677042965817997,0.15456109501192306,0.6935659585623484,0.12419590345991058,FALL,0.35027178542667403,0.5964745636698562,-1.1259426673257076,1.2899896195277607,0.5964745636698562
2003-03-31,0.03898308630580083,0.16101333473374219,0.6440677457017264,0.1559358332587305,FALL,0.28321513715458424,0.7241019477377441,-1.0397375473296404,1.0637694887948965,0.7241019477377441
2003-04-30,0.06061885459107438,0.15231681052366178,0.5630016423132028,0.22406269257206105,FALL,0.1955957995561981,0.749065396130248,-0.980489935275575,0.6910174912199466,0.749065396130248
2003-05-31,0.09115830842006516,0.0898445871459012,0.4065264066162257,0.41247069781780793,WINTER,0.15888595064171396,0.7514425409377382,-1.1321756397130123,-0.01088720989115641,0.7514425409377382
2003-06-30,0.24845041380115274,0.09080887433429241,0.17685918225267439,0.48388152961188047,WINTER,0.11889668182956659,0.7537670561902705,-0.4999476147357631,-0.7548647008403849,0.7537670561902705
2003-07-31,0.3985314334567991,0.09989297960107607,0.10052453002335093,0.40105105691877396,WINTER,0.1386224171273971,0.6478424226534063,-0.004726776471883816,-1.0377652242282707,0.6478424226534063
2003-08-31,0.39368963909697696,0.1944089853036767,0.13616309433994409,0.27573828125940225,SPRING,0.053501057615480296,0.5230803385577428,0.26708304099441466,-0.5291990769007257,0.5230803385577428
2003-09-30,0.33605528863963635,0.24680961638348298,0.176632615695481,0.24050247928139973,SPRING,0.01844137534191337,0.431428385374407,0.25090897319557115,-0.2314938303002439,0.431428385374407
2003-10-31,0.24617063877585155,0.3229570144795324,0.24450269799838564,0.1863696487462304,SUMMER,0.013501742182737808,0.3002992357652396,0.20871966648560178,0.20362071242507912,0.3002992357652396
2003-11-30,0.26227421211783025,0.3572978038784987,0.21938706027555913,0.16104092372811193,SUMMER,0.029345577152316227,0.1998198952591441,0.3657990376879438,0.23188428824432522,0.1998198952591441
2003-12-31,0.33086019269061684,0.34767074505230144,0.16471671690897893,0.15675234534810278,SUMMER,0.04723547315463261,-0.1047795616146796,0.5602715743668526,0.03716999207042746,-0.1047795616146796
2004-01-31,0.33488027445149887,0.3232266875144983,0.16791944251413168,0.17397359551987115,SPRING,0.03680374877703707,-0.27332129256803367,0.49115215532668366,-0.026564386691908342,-0.27332129256803367
2004-02-29,0.2557580806079909,0.3148908000012991,0.2369210245747619,0.1924300948159481,SUMMER,0.011104852266480503,-0.37851593130654043,0.21337429207565287,0.15599543399815602,-0.37851593130654043
2004-03-31,0.18316223579269766,0.3506479624526068,0.30622963862213287,0.15996016313256264,SUMMER,0.037762780200434665,-0.3544339498990584,0.10158561800749959,0.4870578522789393,-0.3544339498990584
2004-04-30,0.19218922925482543,0.32902448385994865,0.30224149318754256,0.17654479369768336,SUMMER,0.025801898956657188,-0.4352807325399897,0.0636793671593658,0.4032387834859279,-0.4352807325399897
2004-05-31,0.13465617060581925,0.4278213975901921,0.3327803077583589,0.10474212404562978,SUMMER,0.10862711414012283,-0.45422808325128433,0.18841745800698695,0.8669858759476965,-0.45422808325128433
2004-06-30,0.08585033332041628,0.5176072405215654,0.3401286848495584,0.056413741308459976,SUMMER,0.22048513900191757,-0.35996853121295536,0.3149195256579191,1.3474584463537869,-0.35996853121295536
2004-07-31,0.06112623849858963,0.5124521592879869,0.3809778605062136,0.045443741707209814,SUMMER,0.2630976240279107,-0.12482362717050852,0.22234957079542392,1.5946996121994363,-0.12482362717050852
2004-08-31,0.10218629965591242,0.4465309660997592,0.3672414335800914,0.08404130066423698,SUMMER,0.15667306624975752,0.03700334043273412,0.14661694646315435,1.106033352256977,0.03700334043273412
2004-09-30,0.16792291636877302,0.39394267803441074,0.3071906213854594,0.13094378421135686,SUMMER,0.06558530358803505,-0.12631070982998716,0.18655270502104052,0.6395252763911602,-0.12631070982998716
2004-10-31,0.21202436830141205,0.3663622027833435,0.2670588016086439,0.1545546273066005,SUMMER,0.034896702093077714,-0.16292724357967128,0.23711520317953538,0.4101909421890301,-0.16292724357967128
2004-11-30,0.217380727509719,0.43587976027994785,0.23135753391913125,0.11538197829120193,SUMMER,0.0755767218800879,-0.3019770758838868,0.47505160971762866,0.5217870789692669,-0.3019770758838868
2004-12-31,0.14253961701509668,0.4963086842242745,0.28057165381752885,0.08058004494309996,SUMMER,0.14527091236714929,-0.46371023442802833,0.4277767032771159,0.9356835788719489,-0.46371023442802833
2005-01-31,0.14534368150905302,0.46421140906750663,0.29734635042626306,0.09309855899717727,SUMMER,0.12123688350682293,-0.5902453656985263,0.33408183677835035,0.8709291871964118,-0.5902453656985263
2005-02-28,0.18388754895883583,0.41199936371760987,0.2794059263685596,0.12470716095499472,SUMMER,0.06757478334911526,-0.6163358750117671,0.29126711049107423,0.6050230358654187,-0.6163358750117671
2005-03-31,0.21870111008190138,0.35089630516521275,0.26514635193318703,0.16525623281969884,SUMMER,0.026616326759686726,-0.6777732898474479,0.21015660596441404,0.3545885620866485,-0.6777732898474479
2005-04-30,0.23501829890622508,0.30578072173607257,0.25964323441847464,0.1995577449392277,SUMMER,0.008597026387971107,-0.6572835320537571,0.12266980202544453,0.19740365298192156,-0.6572835320537571
2005-05-31,0.20231457473508743,0.30204549086328,0.29682327664101565,0.19881665776061694,SUMMER,0.014223187227001777,-0.6740952742152506,0.01308052835261793,0.3005653884704336,-0.6740952742152506
2005-06-30,0.21183782478589158,0.2591277673521098,0.2910775378290396,0.237956870032959,FALL,0.004859424814892543,-0.7266253248969206,-0.08720132579857244,0.15112518434955896,-0.7266253248969206
2005-07-31,0.2781178323237995,0.24421037628515552,0.22333162558284136,0.2543401658082036,SPRING,0.002240473030290513,-0.6897854967473831,0.06702920599531557,-0.09751112209820706,-0.6897854967473831
2005-08-31,0.25310573959129085,0.2423741785376401,0.2467963603066222,0.25772372156444695,WINTER,0.00019868481359230916,-0.7364177681771035,-0.013560615033026142,-0.03249346509437231,-0.7364177681771035
2005-09-30,0.13843519252695305,0.26818748807450765,0.39136128003113513,0.20201603936740417,FALL,0.05002856266424538,-0.787223324022914,-0.2834586037006656,0.4959630196208005,-0.787223324022914
2005-10-31,0.06945269938449855,0.2981119250376443,0.5129343651387109,0.11950101043914622,FALL,0.1759693303095924,-0.7972072117218919,-0.4070091678158841,1.0926173001693151,-0.7972072117218919
2005-11-30,0.07980280009166679,0.30932040751181705,0.48559596207931316,0.125280830317203,FALL,0.15189451725433134,-0.5964493387605625,-0.33824945040296767,1.0161142983569433,-0.5964493387605625
2005-12-31,0.18345347313251248,0.32703894394349065,0.3135953397481326,0.1759122431758643,SUMMER,0.029081125979908973,-0.4465181352482,0.03148187292424083,0.433588631625796,-0.4465181352482
2006-01-31,0.30520525932508397,0.2839310170585349,0.19801353200476512,0.21285019161161597,SPRING,0.011994530786176516,-0.3697892959475158,0.2702969543684507,-0.05418991550634539,-0.3697892959475158
2006-02-28,0.31987123440417287,0.2780514322890554,0.18697765554733728,0.21509967775943448,SPRING,0.015689409525894482,-0.23740494182707939,0.2976127381119055,-0.10508431313437086,-0.23740494182707939
2006-03-31,0.2905815519636547,0.3103777710416343,0.20609274395011448,0.19294793304459654,SUMMER,0.015198112209071968,-0.34164713959819415,0.3070979182562814,0.04942942896487417,-0.34164713959819415
2006-04-30,0.26789149679168256,0.30518070177082,0.2273537721337542,0.1995740293037432,SUMMER,0.009259155941668706,-0.3504566668287231,0.22079759558330816,0.0977415226331723,-0.3504566668287231
2006-05-31,0.2592773709866747,0.264004440447135,0.24051231262661313,0.23620587593957718,SUMMER,0.0008117181153675102,-0.4179790734809443,0.06989597901928038,0.013550627825463847,-0.4179790734809443
2006-06-30,0.20052710422816092,0.2927364372943183,0.3007321908365479,0.20600426764097288,FALL,0.012743864138635042,-0.5443863266275493,-0.0202105983642729,0.2837424389881045,-0.5443863266275493
2006-07-31,0.19620208645174153,0.2766692085999937,0.3084143257467554,0.21871437920150924,FALL,0.01155726327845863,-0.41238110755945406,-0.08146611949267649,0.25775806380436483,-0.41238110755945406
2006-08-31,0.2032446471336741,0.25110668077056947,0.3015640507728657,0.24408462132289074,FALL,0.007020248510491878,-0.5646960592619487,-0.13732842161543413,0.15860059508249189,-0.5646960592619487
2006-09-30,0.2714966291335889,0.16701132847901734,0.21385138012104224,0.3476406622663515,WINTER,0.026144532828425993,-0.5662538385858327,-0.18541473226477928,-0.3644160586972085,-0.5662538385858327
2006-10-31,0.3483783014249452,0.06924746697086455,0.09656477980897124,0.485809451795219,WINTER,0.18581683787177272,-0.5291873185393313,-0.24939563259386754,-1.2117017970286528,-0.5291873185393313
2006-11-30,0.38889984492775553,0.06536825091842367,0.07852970607250306,0.46720219808131785,WINTER,0.2058430459815357,-0.061284928929853634,-0.1375802204133573,-1.3374638713420803,-0.061284928929853634
2006-12-31,0.40927918610523645,0.06521377779689992,0.07222509434273035,0.4532819417551333,WINTER,0.2121930641422407,0.12257094593398044,-0.07658759255493401,-1.3775450754564176,0.12257094593398044
2007-01-31,0.3563834625525927,0.16160402280059938,0.15038039259586328,0.3316321220509447,SPRING,0.05274145396519547,0.014648315769411306,0.053985753530059286,-0.5931436903554538,0.014648315769411306
2007-02-28,0.3570831592410093,0.24906147412158663,0.16183298969625592,0.23202237694114813,SPRING,0.027894852976197093,0.06880524054964274,0.3233511557672844,-0.27020170776577385,0.06880524054964274
2007-03-31,0.30646323451769714,0.3491468500334542,0.18340574221730369,0.16098417323154499,SUMMER,0.03705099861332206,0.012380648225040843,0.482843803728507,0.09779610891703282,0.012380648225040843
2007-04-30,0.31774016897572654,0.36825983274678875,0.16856207953033195,0.14543791874715276,SUMMER,0.05308938568953392,0.1767494669330463,0.5861134873607283,0.1106660896280074,0.1767494669330463
2007-05-31,0.2973593339411854,0.3283155970637568,0.19642269880567356,0.17790237018938423,SUMMER,0.02391566599251116,0.08797888338167202,0.38527977625545134,0.07427553440286186,0.08797888338167202
2007-06-30,0.2599470537373647,0.3320732077515679,0.2288420672027096,0.17913767130835778,SUMMER,0.017652953323034848,0.008502457667140749,0.2792425103455806,0.18365810930854432,0.008502457667140749
2007-07-31,0.2561286569449573,0.3205939692962209,0.2352953867113801,0.1879819870474417,SUMMER,0.013041730505333748,-0.07946247920345699,0.2320003048234588,0.16837165866940082,-0.07946247920345699
2007-08-31,0.31247618607581,0.26406220573776507,0.19395101504207526,0.22951059314434957,SPRING,0.011031118033801302,-0.7617769874319575,0.23143430684117883,-0.12625766889774112,-0.7617769874319575
2007-09-30,0.32347507445593654,0.24495708750922657,0.1859775145413854,0.2455903234934515,SPRING,0.01368108641435728,-0.7465570891930329,0.20659294900279127,-0.2085292643978645,-0.7465570891930329
2007-10-31,0.2150215784900557,0.3075653104955804,0.28097856034775065,0.19643455066661325,SUMMER,0.012106892419873283,-0.556779732424665,0.06780681586655297,0.2684618012915315,-0.556779732424665
2007-11-30,0.10302391441200177,0.29263352338107346,0.44697982753517485,0.15736273467174985,FALL,0.10215855966696319,-0.22128185922766372,-0.3176943092511929,0.7829699344995349,-0.22128185922766372
2007-12-31,0.06608398081106431,0.27005107008422696,0.5333494362448497,0.13051551285985902,FALL,0.18192658379865168,-0.2612814015336853,-0.5104242918681734,1.055763539906807,-0.2612814015336853
2008-01-31,0.0850470605029255,0.20939616706576986,0.5017635658131822,0.20379320661812256,FALL,0.12919483686628352,-0.4191102959905976,-0.6554257728036534,0.6757674282347322,-0.4191102959905976
2008-02-29,0.06798591451040452,0.20762084605786452,0.5457019157995533,0.1786913236321776,FALL,0.17231774961464874,-0.4037097146353142,-0.7247694930884476,0.837309762465435,-0.4037097146353142
2008-03-31,0.09211788410679174,0.1233034562272071,0.44907928002367653,0.3354993796423246,FALL,0.13172606267335596,-0.2157967989249951,-0.9694132511602267,0.21868450125626293,-0.2157967989249951
2008-04-30,0.09420313669584733,0.12029674660550553,0.44052755200961086,0.3449725646890363,FALL,0.13035237346061979,-0.09415902824319036,-0.9735085589575851,0.18338107448912394,-0.09415902824319036
2008-05-31,0.10573973553313584,0.1595361831112306,0.4418609732024852,0.2928631081531483,FALL,0.09763433061067994,0.3231120155333229,-0.7640434068556118,0.30846750012040514,0.3231120155333229
2008-06-30,0.07012999706689785,0.17738657218756312,0.5392788725617124,0.21320455818382664,FALL,0.1663635572296862,0.36235668671235344,-0.8339260883904039,0.6959855654959239,0.36235668671235344
2008-07-31,0.08051095455383113,0.16884502411429947,0.508279402643546,0.24236461868832343,FALL,0.1411315267156662,0.1675687232164459,-0.8265375183407595,0.5554410154126559,0.1675687232164459
2008-08-31,0.10321728784585714,0.1412795034478731,0.43655835978258806,0.3189448489236817,FALL,0.10755722940254375,-0.22702947543635182,-0.8461363826605494,0.2354278989589072,-0.22702947543635182
2008-09-30,0.10506094618287819,0.06365199065926473,0.31362785432868084,0.5176592088291763,WINTER,0.19457488832065695,-0.10573110906198667,-1.1960823795990243,-0.37583251650255867,-0.10573110906198667
2008-10-31,0.07729014171141857,0.009745573931060073,0.10222654991626368,0.8107377344412576,WINTER,0.533833389220194,-0.029560466168127426,-1.762783651347118,-1.5530648913508576,-0.029560466168127426
2008-11-30,0.05739152377679072,0.002384995541770076,0.037513539350500356,0.9027099413309388,WINTER,0.7158080366734537,0.1314030095147889,-2.0666284965754853,-2.385524525975752,0.1314030095147889
2008-12-31,0.04500227670514655,0.0014915673484080716,0.030589396890427237,0.9229167590560181,WINTER,0.7619825706167138,0.3010222243714821,-2.2656194724697194,-2.5551642023767442,0.3010222243714821
2009-01-31,0.03689721347040145,0.0024913781788655554,0.06075988505618129,0.8998515232945518,WINTER,0.7101499523239398,0.5870530782100832,-2.3955703073322527,-2.0214749922296664,0.5870530782100832
2009-02-28,0.030673963391677498,0.0032925012475783304,0.09364137993630887,0.8723921554244353,WINTER,0.6634453486025458,0.534364072358733,-2.510868634181456,-1.6738249974098889,0.534364072358733
2009-03-31,0.03616039605644221,0.006917633453767334,0.15366616140453385,0.8032558090852566,WINTER,0.5540322862459623,0.5957724545098815,-2.3255315561956156,-1.2404180727474445,0.5957724545098815
2009-04-30,0.06624074761969785,0.0330660495080302,0.29990259377124867,0.6007906091010232,WINTER,0.3076374773513364,0.8187420480414469,-1.6537130048458348,-0.5210915513742697,0.8187420480414469
2009-05-31,0.0703142343397144,0.13908631864030008,0.5251254833866731,0.26547396363331244,FALL,0.16946674198041,0.8736955219940695,-0.9964068841519896,0.5115903596583431,0.8736955219940695
2009-06-30,0.08278225928588683,0.235258228086473,0.5044533414378,0.1775061711898402,FALL,0.13529043785313366,0.7751477765790993,-0.5720936977318473,0.7833524813829973,0.7751477765790993
2009-07-31,0.1281571525900172,0.33744656644685833,0.3873040157539955,0.1470922652091289,FALL,0.07725981911306823,0.31840670462208903,-0.10335208418636027,0.7261124330135145,0.31840670462208903
2009-08-31,0.2224681524271295,0.42729963592570985,0.23031935286552277,0.11991285878163792,SUMMER,0.06932288266973552,-0.022406174888187087,0.463513990525689,0.4895261508095442,-0.022406174888187087
2009-09-30,0.23727282796453017,0.4773678916665618,0.19061516408904375,0.09474411627986425,SUMMER,0.11018767616672986,-0.1963104437103441,0.688523180374188,0.5243076023135654,-0.1963104437103441
2009-10-31,0.18140831177844072,0.47573754629886583,0.24820758772478976,0.09464655419790372,SUMMER,0.11122839529361628,-0.2808410106357834,0.4879506641504135,0.7230869790363057,-0.2808410106357834
2009-11-30,0.15361038458494816,0.5123747854777092,0.25697385546801016,0.07704097446933253,SUMMER,0.1509395673546342,-0.2780030683459661,0.5175615075887038,0.9034777003042784,-0.2780030683459661
2009-12-31,0.12478760323588182,0.6158781470121918,0.21564153214931084,0.04369271760261558,SUMMER,0.26002167735875625,-0.4418823350199759,0.7870737562425331,1.1973270095387543,-0.4418823350199759
2010-01-31,0.13164932342469765,0.6073982021900156,0.2144680258104144,0.046484448574872266,SUMMER,0.24792118079305403,-0.32781598020070907,0.7807679469945055,1.1467821345225526,-0.32781598020070907
2010-02-28,0.14046025751283533,0.4932621229592057,0.28509467515764375,0.08118294437031523,SUMMER,0.1445361887790535,-0.29073249706466964,0.4111645527585825,0.9420871036766879,-0.29073249706466964
2010-03-31,0.19933397944099687,0.37272336446392806,0.27882559026092224,0.14911706583415282,SUMMER,0.04117844899832124,-0.1395785777222594,0.21768752431329338,0.4693910907258065,-0.1395785777222594
2010-04-30,0.2606798629178989,0.36574266509215725,0.21811670895367186,0.155460763036272,SUMMER,0.03350400075164417,-0.09435189642436759,0.3876747776716907,0.25397768225131706,-0.09435189642436759
2010-05-31,0.356101661628059,0.33088281481498866,0.15076244233576663,0.16225308122118579,SPRING,0.05217427308062794,-0.2698729168974676,0.589544182856528,-0.05508898316695323,-0.2698729168974676
2010-06-30,0.37104900457348305,0.23853339192296846,0.1527728421381344,0.23764476136541407,SPRING,0.034647075150997075,-0.2984749068166313,0.3341678867649591,-0.33136862481960966,-0.2984749068166313
2010-07-31,0.40213310556664045,0.18738942031567427,0.13047700902087409,0.28000046509681126,SPRING,0.0606016614578917,-0.4009761563975044,0.27149390847116794,-0.5726956718034357,-0.4009761563975044
2010-08-31,0.3380184249845043,0.136916583790717,0.15136829995327608,0.3736966912715026,WINTER,0.06765905885208912,-0.3103813009639375,-0.07525805752253081,-0.677796407129117,-0.3103813009639375
2010-09-30,0.28846210634135133,0.1268366948983185,0.17857399860647868,0.4061272001538514,WINTER,0.0664980633223966,-0.2719015464059562,-0.25657701094036395,-0.616247503553303,-0.2719015464059562
2010-10-31,0.24562119142707375,0.15182467621285184,0.23017621642292366,0.37237791593715086,WINTER,0.03556007899605662,-0.15456002285770404,-0.3120890735901134,-0.36079805078660726,-0.15456002285770404
2010-11-30,0.2729873895823973,0.24659252461833578,0.22800727779640476,0.25241280800286214,SPRING,0.001484416200261296,-0.01780847567282287,0.058769795903879415,-0.07626624422676972,-0.01780847567282287
2010-12-31,0.29874107701028585,0.4040688132420249,0.17086449211735621,0.126325617630333,SUMMER,0.06921686196470411,0.0642863815145577,0.6455357960015164,0.22650596865899583,0.0642863815145577
2011-01-31,0.2738291398017555,0.4619177975417348,0.1659037727519166,0.09834928990459314,SUMMER,0.10728660144291868,0.00782680416959151,0.7679842573450957,0.39216196000121506,0.00782680416959151
2011-02-28,0.20625643813068048,0.5287123957433405,0.1906547003503772,0.0743764657756018,SUMMER,0.15472214253090344,0.029773164689838608,0.7649855012458632,0.7059932765724042,0.029773164689838608
2011-03-31,0.16956045390690927,0.545322451211896,0.21749121702272162,0.06762587785847302,SUMMER,0.17367014066504805,0.036035215490396365,0.6894141038223099,0.8761258123912098,0.036035215490396365
2011-04-30,0.15977250190670467,0.5442771734548691,0.22878926276690537,0.06716106187152082,SUMMER,0.1755442380238279,0.0513380853748447,0.6499929728917269,0.9192807650871828,0.0513380853748447
2011-05-31,0.1939885919958947,0.47402867884809374,0.23557674534879114,0.09640598380722044,SUMMER,0.10691514734124319,-0.01080013758144106,0.5244233106077585,0.670101352930723,-0.01080013758144106
2011-06-30,0.21246700076000405,0.3735680305341338,0.263881969185483,0.15008299952037915,SUMMER,0.03834242646362318,-0.02428997586803993,0.26069866092228305,0.42323508416498556,-0.02428997586803993
2011-07-31,0.207346984239268,0.28736612350569185,0.29350816303906274,0.21177872921597743,FALL,0.009518071985534227,0.05199658625634779,-0.015861267905336197,0.2447725890958708,0.05199658625634779
2011-08-31,0.22037768489305723,0.19326526163283486,0.2739620010487431,0.3123950524253649,WINTER,0.012363737216171788,0.2657325944068424,-0.26169431744786614,-0.09845937454981209,0.2657325944068424
2011-09-30,0.22787617504746896,0.10899045865478925,0.21455140554515753,0.4485819607525842,WINTER,0.08500986064742233,0.438651201539164,-0.5079667645699029,-0.5531565348067569,0.438651201539164
2011-10-31,0.24764584671773657,0.1410319344864797,0.2218185841347011,0.3895036346610827,WINTER,0.045517552888041934,0.5067828043573409,-0.3396551315665362,-0.42226000324906454,0.5067828043573409
2011-11-30,0.2628792998702949,0.19722805510627,0.23142854638690896,0.3084640986365262,WINTER,0.009666648038132775,0.5365605576000338,-0.11993285373278642,-0.21550071874305052,0.5365605576000338
2011-12-31,0.2926652761261074,0.20854691563756525,0.20753816582010517,0.2912496424162222,SPRING,0.010209402104997545,0.5991093263006619,0.003636582415864252,-0.2541491420273553,0.5991093263006619
2012-01-31,0.3673392892824695,0.22587566029994605,0.15488962631150516,0.25189542410607924,SPRING,0.0333188957211874,0.5274258525876896,0.2829539229413214,-0.36472593204356335,0.5274258525876896
2012-02-29,0.35619220885505865,0.3342929401372366,0.14984917446886156,0.15966567653884312,SPRING,0.054056537386725334,0.47146698977514806,0.6017912926203327,-0.047589617105963954,0.47146698977514806
2012-03-31,0.31735429282306477,0.45072933388592124,0.13609392104683235,0.09582245224418165,SUMMER,0.12026223889278742,0.1748439975270663,0.898141327073411,0.26313616499543097,0.1748439975270663
2012-04-30,0.33120404840541995,0.37725140165744653,0.1552470096738097,0.13629754026332383,SUMMER,0.06617072502681753,-0.008446718588326364,0.665920765375292,0.09763287541407648,-0.008446718588326364
2012-05-31,0.3666528709797749,0.24451459732033334,0.15556330276885574,0.233269228931036,SPRING,0.03248092459766283,-0.16951718112374173,0.33916670200004206,-0.30385540120160753,-0.16951718112374173
2012-06-30,0.36529291906355743,0.2069486116736262,0.15469695328043612,0.27306151598238027,SPRING,0.03553528016353091,-0.21616664760820897,0.21825183498708037,-0.4261717800437496,-0.21616664760820897
2012-07-31,0.32873482691918604,0.19495792709434423,0.17731746835500212,0.29898977763146767,SPRING,0.02460855866673195,-0.11560812623641842,0.0711315332146028,-0.3918507388311527,-0.11560812623641842
2012-08-31,0.31097444880356373,0.20972538466359011,0.19305059332569371,0.2862495732071524,SPRING,0.014342700272131026,-0.08295218614088659,0.06213501504615737,-0.29543382581420147,-0.08295218614088659
2012-09-30,0.2708416559853908,0.22781516759869985,0.22904244834903897,0.27230072806687033,WINTER,0.002691182945733117,-0.035532488633276856,-0.004029538940791136,-0.1297497923231265,-0.035532488633276856
2012-10-31,0.2699033475229212,0.24110214826654947,0.23071694223865558,0.2582775619718737,SPRING,0.001321098035764856,0.016635602677878978,0.03302182090277838,-0.08463242051581495,0.016635602677878978
2012-11-30,0.24523714291153198,0.2869573297592991,0.25223904392567487,0.21556648340349405,SUMMER,0.0037151339804933903,0.10585436929603137,0.09671722726164929,0.11783089144185689,0.10585436929603137
2012-12-31,0.261945033474399,0.31546044257216643,0.23088082999783222,0.19171369395560234,SUMMER,0.011781584033162873,0.18101560687998988,0.23409870303735172,0.13942395611174171,0.18101560687998988
2013-01-31,0.2891083469139481,0.37519057565065034,0.18960121145956535,0.1460998659758362,SUMMER,0.04575076258417676,0.29628175596680456,0.5118833394446496,0.19547443345826285,0.29628175596680456
2013-02-28,0.35372348255746716,0.36277656967346444,0.14354100636006767,0.13995894140900073,SUMMER,0.06996957462188003,0.3342981539328146,0.6953747859253854,0.018953736779706985,0.3342981539328146
2013-03-31,0.34785966980851196,0.37658148098677274,0.1432419450753237,0.1323169041293916,SUMMER,0.07590276841351074,0.3004992069445146,0.7249494874616217,0.05950146751285426,0.3004992069445146
2013-04-30,0.37499973892010047,0.309533920358429,0.14264825675272302,0.17281808396874748,SPRING,0.05361235170055667,0.2464774297683568,0.5810143696994478,-0.14389323476769472,0.2464774297683568
2013-05-31,0.4138045178539879,0.27906662839036017,0.12370180828508551,0.1834270454705664,SPRING,0.06881081308732451,0.20252110481917263,0.610182500357041,-0.2954573388536826,0.20252110481917263
2013-06-30,0.42375268620872875,0.24466014295933922,0.12137134578969112,0.21021582504224087,SPRING,0.06794203988296876,0.12506266292040416,0.5257614424183428,-0.41195994140490994,0.12506266292040416
2013-07-31,0.36838472853518756,0.27571153758882383,0.15234798097969335,0.20355575289629527,SPRING,0.037877369193558885,0.013125167917758897,0.4448909345012243,-0.21732951340114645,0.013125167917758897
2013-08-31,0.30992096879924447,0.3170198683839325,0.18864167028420017,0.18441749253262288,SUMMER,0.02355020810128261,0.008707889353577027,0.3893363678290389,0.016985341937893507,0.008707889353577027
2013-09-30,0.3555746324129349,0.3178589853988848,0.1541385166440046,0.1724278655441756,SPRING,0.04544200201296522,0.1432480262389414,0.5428171390638251,-0.08409549103868205,0.1432480262389414
2013-10-31,0.40780587805895147,0.2895327609487832,0.1256640240175118,0.1769973369747536,SPRING,0.06816566977291494,0.21867741476993663,0.6259924387418678,-0.2568921131998884,0.21867741476993663
2013-11-30,0.41651027896038406,0.26983458091168605,0.12331264971226197,0.19034249041566786,SPRING,0.06792585319043953,0.2952165077303418,0.5873145825623203,-0.32557652454417013,0.2952165077303418
2013-12-31,0.38689159980832816,0.3218899677095177,0.1322555440548145,0.15896288842733958,SPRING,0.06789273662166595,0.25683678196762727,0.6671053358096233,-0.1379510834852136,0.25683678196762727
2014-01-31,0.3691233419612246,0.3188866579649882,0.14460465466010144,0.16738534541368574,SPRING,0.05419604173434156,0.20049716039272392,0.593124177265428,-0.10972133458592381,0.20049716039272392
2014-02-28,0.35007821942416895,0.35060872390537723,0.1497698363676938,0.14954322030276002,SUMMER,0.059775425118473446,0.11270437887854214,0.6379283726391587,0.0011356810362159145,0.11270437887854214
2014-03-31,0.36017556996863215,0.3235148124560728,0.1496742520276617,0.1666353655476334,SPRING,0.050876012437229945,0.08282023640302827,0.5780877161409242,-0.08051002943461792,0.08282023640302827
2014-04-30,0.3415018615129353,0.35374901822620025,0.15505870648884085,0.14969041377202358,SUMMER,0.05660245141392484,0.05153368439153251,0.6185879076520528,0.026425907726812456,0.05153368439153251
2014-05-31,0.2962397546067744,0.3741350769915179,0.1839632574872895,0.14566191091441824,SUMMER,0.047609239027356254,-0.020422642499510184,0.532410637901808,0.1750858442924586,-0.020422642499510184
2014-06-30,0.24693550344156404,0.39396624054023055,0.22073990473033303,0.1383583512878724,SUMMER,0.04818630950044833,0.035346253803747237,0.4344600862247928,0.3503535291437209,0.035346253803747237
2014-07-31,0.2689311523261102,0.37619317084866855,0.2069396569407889,0.14793601988443236,SUMMER,0.04084339996266362,0.06714533524924177,0.44825664398808135,0.25173551713937947,0.06714533524924177
2014-08-31,0.32783921082204037,0.32452920639856986,0.1729338801518393,0.17469770262755047,SPRING,0.034041758476891615,0.07822756076738169,0.47209965796171915,-0.007610805659369506,0.07822756076738169
2014-09-30,0.3778538490955015,0.24538880828243498,0.1483403522259581,0.22841699039610544,SPRING,0.038558203607256814,-0.020121415085639558,0.3775009608449107,-0.32374766477534456,-0.020121415085639558
2014-10-31,0.4097468884084903,0.20514778499205175,0.1284829876694291,0.25662233893002884,SPRING,0.05991946229929357,-0.11477375872562429,0.3509505884401605,-0.5188567514278238,-0.11477375872562429
2014-11-30,0.4265390649607399,0.16119557627978695,0.11307033382473355,0.2991950249347396,SPRING,0.08740286989552237,-0.1538730705544932,0.2659562542108649,-0.7298141773163175,-0.1538730705544932
2014-12-31,0.47767859706983046,0.13120528658575167,0.08427961966275815,0.30683649668165974,SPRING,0.1413235028035874,-0.24546853654690828,0.3319673202396127,-0.9691312091032342,-0.24546853654690828
2015-01-31,0.5105712118306633,0.10905185641637684,0.06694523278963459,0.31343169896332523,SPRING,0.18522539739291344,-0.25874716002417886,0.3659614889750316,-1.1577799545907717,-0.25874716002417886
2015-02-28,0.5122024205564686,0.11597117727099063,0.06864526899812573,0.3031811331744151,SPRING,0.17893161129089796,-0.2931025109374406,0.39329210505264445,-1.1140336583454502,-0.2931025109374406
2015-03-31,0.46226146526810885,0.12700422624210683,0.0885254203534901,0.3222088881362942,SPRING,0.1355976051473743,-0.14378455947674917,0.270697962749646,-0.9689327323003762,-0.14378455947674917
2015-04-30,0.34275946272669783,0.1740872110905549,0.16273842774892203,0.32041489843382526,SPRING,0.0395352201333139,-0.10645141227989979,0.05055915953545987,-0.5081044046213709,-0.10645141227989979
2015-05-31,0.29766835640493805,0.22157662894389715,0.2051518618378467,0.27560315281331804,SPRING,0.008307842210918515,-0.12429233169610934,0.05776349243582904,-0.22140861341094617,-0.12429233169610934
2015-06-30,0.2605092505453415,0.2788895786237175,0.23814821149040896,0.22245295934053202,SUMMER,0.0026606479068093103,-0.15873377635529695,0.11844203305022549,0.05113316748428657,-0.15873377635529695
2015-07-31,0.3026141259440555,0.2885259769555653,0.19955794010623953,0.20930195699413964,SPRING,0.012255905180628246,-0.16255006941400146,0.276510376929849,-0.03575501912495562,-0.16255006941400146
2015-08-31,0.30658955321473114,0.26610438937864866,0.19854936297924253,0.22875669442737767,SPRING,0.009454824664507422,-0.19849707900087607,0.21963819289664546,-0.10621591483201709,-0.19849707900087607
2015-09-30,0.3006361483639476,0.2209829335372162,0.20266516754795072,0.2757157505508855,SPRING,0.009117851655964682,-0.21822751933212317,0.06489770881424095,-0.23086143705375975,-0.21822751933212317
2015-10-31,0.32210906755643576,0.20741058092536843,0.18428514088597367,0.2861952106322221,SPRING,0.018315338227842037,-0.18971655331092613,0.08866205600094021,-0.33014242186453535,-0.18971655331092613
2015-11-30,0.3380173903182775,0.21560090041267949,0.17383872617194052,0.27254298309710245,SPRING,0.02193713684973031,-0.28260613035529114,0.16147575525363958,-0.3372512471010154,-0.28260613035529114
2015-12-31,0.33378015433337305,0.2101961229076244,0.17621065933979585,0.27981306341920675,SPRING,0.021572891738925848,-0.32285283699499445,0.13227060460252743,-0.34683115665084424,-0.32285283699499445
2016-01-31,0.2848627237502016,0.19239019133277568,0.21072980071447223,0.3120172842025505,WINTER,0.014373531116888882,-0.4232865580279716,-0.0682883933881512,-0.2943613776320917,-0.4232865580279716
2016-02-29,0.26090543655124476,0.19348559459185966,0.23232737558299388,0.3132815932739017,WINTER,0.010974814480451678,-0.3561011242606629,-0.1372083116279717,-0.2242162248470743,-0.3561011242606629
2016-03-31,0.24468929686419127,0.25284987571843565,0.2553510653370037,0.2471097620803694,FALL,0.00010576995496780484,-0.305281791765861,-0.007382541860836014,0.024605029753906965,-0.305281791765861
2016-04-30,0.2056426063228763,0.26413044080738435,0.29812071945159313,0.23210623341814626,FALL,0.006924225029112274,-0.22133561206496682,-0.09079157116231931,0.18772750033543056,-0.22133561206496682
2016-05-31,0.20156932537299044,0.2705062985392143,0.30250845765061657,0.22541591843717865,FALL,0.008844358607843716,-0.15797767524805706,-0.08386039007788336,0.22062151056455412,-0.15797767524805706
2016-06-30,0.19657236345220946,0.25445528107786286,0.30971253471751026,0.23925982075241745,FALL,0.009422280581490305,-0.10353409958427111,-0.14738958915504227,0.193570861749955,-0.10353409958427111
2016-07-31,0.23043869190089572,0.2992912918008731,0.26569710041626493,0.20457291588196624,SUMMER,0.007386393206224362,-0.056440478991081997,0.08929528463138772,0.19607435317200406,-0.056440478991081997
2016-08-31,0.23500391874030133,0.32419278710534444,0.2555545249162519,0.18524876923810232,SUMMER,0.014281754656807033,-0.059865445918182644,0.17842692684792263,0.2413021284534591,-0.059865445918182644
2016-09-30,0.22834659096401716,0.34803105606562584,0.25579363744773426,0.16782871552262274,SUMMER,0.02411442695770072,-0.04351342131093807,0.23094052625783298,0.3160703301269192,-0.04351342131093807
2016-10-31,0.22723909053929006,0.3670303858948289,0.250585696454166,0.15514482711171504,SUMMER,0.03304374397678056,-0.08640915122431121,0.2862327572595297,0.35958143587762886,-0.08640915122431121
2016-11-30,0.21350989464912679,0.4543578247666114,0.2259532781028179,0.10617900248144392,SUMMER,0.08943354001796733,-0.1329776665677252,0.5239176030326196,0.5664014034970904,-0.1329776665677252
2016-12-31,0.2011107648173021,0.4934344504505069,0.2170080658948746,0.08844671883731642,SUMMER,0.12199706898751361,-0.091852145495893,0.6160916260083221,0.6731506493979849,-0.091852145495893
2017-01-31,0.17794585769631346,0.4941675099425002,0.24107677135865727,0.08680986100252903,SUMMER,0.12670453929241143,-0.22501530530253097,0.5383193344079655,0.7660464111638873,-0.22501530530253097
2017-02-28,0.18960961540964943,0.48231137241058025,0.23549828252405786,0.09258072965571246,SUMMER,0.1143150861409934,-0.26266252200977835,0.5376647143464675,0.7002169527095845,-0.26266252200977835
2017-03-31,0.22105533163218657,0.461791845436267,0.214482233075408,0.10267058985613846,SUMMER,0.09517716245558239,-0.2987486912581939,0.575165499822858,0.552525899244305,-0.2987486912581939
2017-04-30,0.2767434949804396,0.4208323398143886,0.18244592589297248,0.1199782393121993,SUMMER,0.07338268691506111,-0.31908318666467106,0.6268355092502345,0.3143575840260642,-0.31908318666467106
2017-05-31,0.3107874471386145,0.3059632684702217,0.19012576835916362,0.19312351603200018,SPRING,0.019869767003398597,-0.3374719048146295,0.3568344488701151,-0.01173312880325657,-0.3374719048146295
2017-06-30,0.34061488317485616,0.23203955143780547,0.17316040408992034,0.254185161297418,SPRING,0.0206869259554725,-0.5244394177962727,0.21951711095915732,-0.2878834700503576,-0.5244394177962727
2017-07-31,0.3297728422843476,0.21504564604741963,0.17966497896438718,0.2755165327038455,SPRING,0.019015683584938325,-0.4541966854456014,0.13481731808504444,-0.32066531094688977,-0.4541966854456014
2017-08-31,0.3297705487098761,0.21432093169158162,0.17958512898307732,0.27632339061546496,SPRING,0.019171300421987336,-0.39110981775039766,0.13261891556088645,-0.3231918999430338,-0.39110981775039766
2017-09-30,0.30269557060525176,0.27098363013501875,0.20137728130354118,0.2249435179561884,SPRING,0.008963107460873254,-0.4066850983073017,0.22265868268729824,-0.08300187698897771,-0.4066850983073017
2017-10-31,0.26421455205173083,0.3301962083714679,0.225305526045958,0.18028371353084327,SUMMER,0.017390141428826222,-0.4511468737488258,0.2866722554682214,0.16719418375764067,-0.4511468737488258
2017-11-30,0.2565151998665218,0.3773339371468082,0.2179716570593929,0.1481792059272771,SUMMER,0.03934939857951847,-0.4773334009717242,0.41157414709391127,0.28945698653411756,-0.4773334009717242
2017-12-31,0.23199129598390666,0.4132638395178424,0.22720194956338557,0.12754291493486536,SUMMER,0.05973487333271732,-0.49348474056905994,0.44868521847134735,0.43303977895872553,-0.49348474056905994
2018-01-31,0.24846811134934657,0.459080207609169,0.18975209869171764,0.10269958234976681,SUMMER,0.09651309722989565,-0.5662770960078202,0.6626298468957159,0.4604328197164742,-0.5662770960078202
2018-02-28,0.23931870033898525,0.5049071848623282,0.1735255260957844,0.08224858870290211,SUMMER,0.13681002346911242,-0.6867966410232279,0.8010374302463251,0.5599338616242071,-0.6867966410232279
2018-03-31,0.26247970159073086,0.4805358845380826,0.16620140268589512,0.0907830111852914,SUMMER,0.12044506984115078,-0.8049358735866818,0.7962761888627681,0.45354611663579136,-0.8049358735866818
2018-04-30,0.2473180298334714,0.4900092892270195,0.17456569200573036,0.08810698893377876,SUMMER,0.12443695274815114,-0.8225802852860085,0.7740924144343617,0.5128119524511036,-0.8225802852860085
2018-05-31,0.24693705736789057,0.4328025723598497,0.20391559652667296,0.11634477374558677,SUMMER,0.07498097241504453,-0.840023471314573,0.5644316289989282,0.42086114652086537,-0.840023471314573
2018-06-30,0.19923702804465632,0.38361764186148156,0.2745526734304227,0.1425926566634394,SUMMER,0.046670365952846016,-0.7940963991035176,0.2508774007718633,0.49136334042848934,-0.7940963991035176
2018-07-31,0.21593659769103532,0.33341997093013537,0.27350818825613904,0.17713524312269027,SUMMER,0.020143572360944884,-0.7967890225595095,0.14855348185483083,0.325813525458818,-0.7967890225595095
2018-08-31,0.22980598050149295,0.345418946717721,0.2550747564803749,0.16970031630041113,SUMMER,0.02286445669189352,-0.7527964978588987,0.22740101532629478,0.3056419715583659,-0.7527964978588987
2018-09-30,0.27238484830001264,0.3715157057088263,0.2054611324004424,0.15063831359071866,SUMMER,0.03888382378569133,-0.6916438952207898,0.4442506953184578,0.2327813924904798,-0.6916438952207898
2018-10-31,0.28107093353122203,0.245608394679614,0.2207254474211605,0.2525952243680034,SPRING,0.002663781816993671,-0.7462377629672687,0.08011407460677215,-0.10115152049477562,-0.7462377629672687
2018-11-30,0.25993415596487524,0.1500525515915765,0.21594114729173552,0.37407214515181275,WINTER,0.037980153702929176,-0.7464611921548754,-0.2730152457244048,-0.4120820819777554,-0.7464611921548754
2018-12-31,0.2586702091632757,0.07208895890965981,0.14586103573346224,0.5233797961936022,WINTER,0.16394666032077898,-0.7849972095957353,-0.5285650962215054,-0.958239772398083,-0.7849972095957353
2019-01-31,0.26769512574010995,0.08895046908508235,0.16045810451213505,0.4828963006626727,WINTER,0.12489855294746832,-0.6445922967120695,-0.4424648923042209,-0.8263267910715829,-0.6445922967120695
2019-02-28,0.32615773956539185,0.11816134374532825,0.14777669084207198,0.40790422584720787,WINTER,0.08669447479451176,-0.5242595020442321,-0.16773845867833156,-0.7614975882219049,-0.5242595020442321
2019-03-31,0.3165594259862505,0.14172199362281188,0.16752465605307512,0.3741939243378625,WINTER,0.05636288058533734,-0.35545449592215095,-0.1254473951363111,-0.6027327274167997,-0.35545449592215095
2019-04-30,0.3066796794908794,0.2148319931390652,0.19710891712989087,0.28137941024016455,SPRING,0.011913618653784042,-0.19758958718043473,0.0645748804540059,-0.26696063865230807,-0.19758958718043473
2019-05-31,0.2272784706778627,0.16608140511867847,0.25613096410776826,0.3505091600956905,WINTER,0.025298385878078422,-0.1540613539541912,-0.3249081238343245,-0.23527346121485349,-0.1540613539541912
2019-06-30,0.2049170454385753,0.20408859381653732,0.29489864310329245,0.29609571764159487,WINTER,0.012013784939222227,0.06771958139099656,-0.2760581487121428,-0.003038293395640795,0.06771958139099656
2019-07-31,0.22288321201154668,0.1712018536568145,0.2632268232240494,0.34268811110758945,WINTER,0.02252828900627224,0.14163445294552973,-0.3226296113402097,-0.19785347267864675,0.14163445294552973
2019-08-31,0.22131266415962123,0.12781073725463715,0.23827969591853515,0.41259690266720656,WINTER,0.05954720236395672,0.4556934511107075,-0.4671709665874197,-0.41176943785158526,0.4556934511107075
2019-09-30,0.25511599507050403,0.13717839020229344,0.2125038773807641,0.39520173734643843,WINTER,0.04997589073939146,0.4896223975220506,-0.3282585282175996,-0.46532709546589524,0.4896223975220506
2019-10-31,0.25017892969040156,0.12223686738898502,0.2059899918033714,0.4215942111172419,WINTER,0.06719327078951454,0.6872393799552593,-0.39140016432523583,-0.5371617616917892,0.6872393799552593
2019-11-30,0.21486177652927022,0.1910919602252221,0.27963153096113524,0.31441473228437244,WINTER,0.014073791429542681,0.9238582027381209,-0.28553849726476177,-0.08793010664159727,0.9238582027381209
2019-12-31,0.14922859176249806,0.2389029345751769,0.37661762576016417,0.23525084790216083,FALL,0.03763623358044066,1.1247022635989423,-0.34137980963386666,0.35293352605951006,1.1247022635989423
2020-01-31,0.14645549737095923,0.20629862882515784,0.3785240947238337,0.2687217790800492,FALL,0.04217855869418552,1.0863061410482777,-0.45521621681759095,0.2569523725866232,1.0863061410482777
2020-02-29,0.17390792941865962,0.1691361718844787,0.32390880758601176,0.33304709111084985,WINTER,0.03621881092881907,0.864180608292287,-0.4873184076238554,-0.020866407466432108,0.864180608292287
2020-03-31,0.12214899365151807,0.022044398010300417,0.1308363807566064,0.724970227581575,WINTER,0.393940406134224,0.8698038628848772,-1.3356667721741395,-1.2841372859373539,0.8698038628848772
2020-04-30,0.056966385291411854,0.005125515368667769,0.07742173015256791,0.8604863691873524,WINTER,0.6266074030345843,1.2899346209616258,-2.036277309606628,-1.8061727118270359,1.2899346209616258
2020-05-31,0.039628440397731404,0.003182340337312474,0.07115268188543074,0.8860365373795254,WINTER,0.6815344756600308,1.6556002861239751,-2.3304083519896186,-1.8914476283297716,1.6556002861239751
2020-06-30,0.055600288125040934,0.010408312271764683,0.1472728415354046,0.7867185580677897,WINTER,0.5102090137003661,2.146220132159798,-1.9872616406050303,-1.256687729652069,2.146220132159798
2020-07-31,0.08026511967116162,0.04508379469769439,0.3145826206414068,0.5600684649897373,WINTER,0.25652544603531513,1.6091569522022484,-1.4570429128390623,-0.4326092165884725,1.6091569522022484
2020-08-31,0.14113739278277124,0.326256587273186,0.37177676616051886,0.1608292537835239,FALL,0.05969407180463071,1.2540970562806482,-0.0979570754035608,0.6284627373505904,1.2540970562806482
2020-09-30,0.08048248794402334,0.6270650776472977,0.25918640301921914,0.03326603138945984,SUMMER,0.3085058572592966,1.2270669126016986,0.6626271162999372,1.5397580307426393,1.2270669126016986
2020-10-31,0.08645366046615842,0.6422325776887783,0.23912423140224748,0.03218953044281581,SUMMER,0.31560418276034186,1.3215915843248849,0.7409754713122162,1.5040064665449067,1.3215915843248849
2020-11-30,0.17014800883207848,0.6770569077437177,0.12210855328809866,0.030686530136105117,SUMMER,0.32980746906106484,1.1884009445453878,1.284633673441824,1.0358149722251602,1.1884009445453878
2020-12-31,0.17224489025404363,0.679318856685789,0.11841221057368465,0.03002404248648275,SUMMER,0.3338220153885888,1.019287333387782,1.310189075872499,1.029130027546466,1.019287333387782
2021-01-31,0.14887038585994317,0.6729504921408349,0.14590250874410704,0.032276613255114876,SUMMER,0.3206713849807965,0.8928397492718427,1.1465498352457053,1.1314467976402245,0.8928397492718427
2021-02-28,0.12062964461280429,0.6822044604136822,0.16754078102841546,0.02962511394509798,SUMMER,0.33664949284936874,0.7055769231058535,1.0530769633380337,1.2994532585713694,0.7055769231058535
2021-03-31,0.09075175186994791,0.716000971777847,0.1715088571823741,0.021738419169830964,SUMMER,0.3922015132228819,0.7368026007929582,1.0717849601554963,1.5491653101605083,0.7368026007929582
2021-04-30,0.06810669489299652,0.7720011481862109,0.14692986114305776,0.012962295777734853,SUMMER,0.4800069061375384,0.8060411579129446,1.2442730246093816,1.820932889439372,0.8060411579129446
2021-05-31,0.05982051375584779,0.6845148588704438,0.23511745210682594,0.020547175266882378,SUMMER,0.38819652328419474,0.8420153238291795,0.8014688749744884,1.8280212829440572,0.8420153238291795
2021-06-30,0.07193424120519243,0.622766431327209,0.2736864669505923,0.031612860517006285,SUMMER,0.3160937745789434,0.6654127590253819,0.6166412766809124,1.6188143653577656,0.6654127590253819
2021-07-31,0.07761948973861944,0.5688273022949548,0.3111017333269156,0.04245147463951015,SUMMER,0.26661689126509025,0.5457253718522896,0.45259267624304955,1.493818743804159,0.5457253718522896
2021-08-31,0.13188497317271522,0.4498910034878002,0.32341525448153796,0.09480876885794662,SUMMER,0.12358968907962442,0.5116549078129139,0.24755116788020357,0.9203064087218069,0.5116549078129139
2021-09-30,0.1558280742755994,0.3616419430954557,0.33722355820012584,0.14530642442881905,SUMMER,0.059103760385744275,0.427090998431345,0.052431395251358835,0.6314259775034792,0.427090998431345
2021-10-31,0.13234088569351435,0.3548628987674177,0.3735035673511834,0.13929264818788453,FALL,0.07833680673424781,0.35833231026583806,-0.03839703108205381,0.7397628398273398,0.35833231026583806
2021-11-30,0.1466908669660174,0.40849372065926903,0.32728628794388004,0.11752912443083352,SUMMER,0.08787852756428882,0.13074450710185156,0.16623094223046697,0.7681118368536676,0.13074450710185156
2021-12-31,0.12054846304171817,0.46406129994050727,0.3297353988577245,0.08565483816005005,SUMMER,0.14329658068114337,-0.01477551930688562,0.25629460819097627,1.0109736003339975,-0.01477551930688562
2022-01-31,0.12612387300102054,0.41355123043866027,0.3527454317620682,0.107579464798251,SUMMER,0.11006765546164499,-0.26814707091486756,0.11927607086107098,0.8906376437845639,-0.26814707091486756
2022-02-28,0.08966214620517518,0.3855776612279191,0.4257551757886894,0.09900501677821628,FALL,0.1515473673931853,-0.48048452504500433,-0.07434138583792302,1.0940204647228573,-0.48048452504500433
2022-03-31,0.08298185767227788,0.44510174341280756,0.3977605278227127,0.07415587109220186,SUMMER,0.18742948223641542,-0.9026700617553909,0.08433956820460886,1.2597606684549176,-0.9026700617553909
2022-04-30,0.06079534567057598,0.3928296252799861,0.47314921282678624,0.07322581622265169,FALL,0.21892518786803383,-1.1155092691997983,-0.13952610364220136,1.3993970698793128,-1.1155092691997983
2022-05-31,0.0925883300212772,0.3664814834744605,0.4318316983132223,0.10909848819103996,FALL,0.13977515990801725,-1.2593253447449515,-0.12306594572017039,1.0318386670863018,-1.2593253447449515
2022-06-30,0.15092668510256424,0.22117813967757255,0.3732192584433969,0.2546759167764663,FALL,0.03679587947738283,-1.4481678366974815,-0.39239822435553334,0.2866306866963033,-1.4481678366974815
2022-07-31,0.20633859342933228,0.21496566607513876,0.2952728639790713,0.28342287651645764,FALL,0.00912314201424358,-1.4737820089919773,-0.23806617657355644,0.030719884360983718,-1.4737820089919773
2022-08-31,0.22671123350462133,0.20462082904587484,0.2697719806050883,0.29889595684441556,WINTER,0.007770696499515228,-1.4002363052515612,-0.2073138253777483,-0.07688884237407251,-1.4002363052515612
2022-09-30,0.2402824809602286,0.11371222058273667,0.20751354942765185,0.438491749029383,WINTER,0.07835269382004395,-1.508370908744971,-0.4511443200493738,-0.5611082694728899,-1.508370908744971
2022-10-31,0.3182623255937443,0.15253476380218184,0.17145781652132291,0.35774509408275096,WINTER,0.04689578913442194,-1.6304363944832614,-0.08770855433850454,-0.5516125774061361,-1.6304363944832614
2022-11-30,0.3486043116703178,0.13749377953188496,0.14535814278659112,0.36854376601120603,WINTER,0.07062499953450152,-1.6222088696589314,-0.04171647828309009,-0.6977691189198322,-1.6222088696589314
2022-12-31,0.35156553546974634,0.18028282530928338,0.15869128574224353,0.3094603534787267,SPRING,0.039547535346665,-1.4868589146897346,0.09567461528705652,-0.5009019521524656,-1.4868589146897346
2023-01-31,0.4062483204899356,0.11532439959154853,0.10578455636291867,0.3726427235555972,SPRING,0.11957798284672805,-1.2388349214058338,0.06475836340180934,-0.9444116821921859,-1.2388349214058338
2023-02-28,0.36817661108878913,0.1722532836977984,0.14648053424878316,0.31308957096462936,SPRING,0.0508611650769184,-1.2750164779280106,0.12155506924708216,-0.5696975784080449,-1.2750164779280106
2023-03-31,0.3336146401658258,0.2188449216466021,0.17728347719701268,0.27025696099055935,SPRING,0.019657245376741295,-1.0901710591689775,0.15796000584475223,-0.3162173971988235,-1.0901710591689775
2023-04-30,0.33051117870431235,0.13912666633361323,0.15711578474563923,0.37324637021643514,WINTER,0.06300624005337818,-1.0096555209179272,-0.09119867192502062,-0.6489417716765252,-1.0096555209179272
2023-05-31,0.3456131275981907,0.10016340291453932,0.12453080159939472,0.42969266788787525,WINTER,0.11992673362389361,-0.9667255651767273,-0.1633126546126625,-0.9288878546974235,-0.9667255651767273
2023-06-30,0.41265623494485704,0.12684735738511693,0.10827129462848062,0.35222511304154547,SPRING,0.10883967547435136,-1.0548290038395003,0.11875829142983174,-0.884722824162265,-1.0548290038395003
2023-07-31,0.367038708573202,0.18853304244245245,0.15081654129320465,0.293611707691141,SPRING,0.04236710685451106,-1.0810046632289052,0.16740685737498642,-0.49964552433448994,-1.0810046632289052
2023-08-31,0.36285650974483274,0.20919838547108097,0.15649796154142406,0.2714471432426623,SPRING,0.03386137130837763,-0.961318804371069,0.21768002244492565,-0.41304333872288335,-0.961318804371069
2023-09-30,0.3030079543850155,0.3051875331573901,0.19660430747363944,0.19520020498395496,SUMMER,0.017027534180675485,-0.8270852106647779,0.3297999998695414,0.005375544905465494,-0.8270852106647779
2023-10-31,0.22802919239544314,0.40383355191518844,0.23528238829707201,0.13285486739229638,SUMMER,0.053677168934310404,-0.7400181649926242,0.40516226084249013,0.4286468514564522,-0.7400181649926242
2023-11-30,0.2549045648022359,0.3877930165481005,0.21559032859119506,0.14171209005846855,SUMMER,0.04532089361470537,-0.6738156610364298,0.44031881614446317,0.3146868865101346,-0.6738156610364298
2023-12-31,0.30395297672844673,0.29053513893352356,0.19817965835053805,0.20733222598749174,SPRING,0.013141918941213304,-0.4818396504977641,0.2869129083502285,-0.03386135884973785,-0.4818396504977641
2024-01-31,0.306215386892639,0.23963707308735452,0.1993772955501664,0.25477024446984003,SPRING,0.008416580900253434,-0.3649589758084731,0.13794494711026875,-0.1838723622967112,-0.3649589758084731
2024-02-29,0.2892475063228398,0.2963312907664254,0.20971724145400072,0.20470396145673408,SUMMER,0.010670893688425775,-0.30141007623379523,0.2592884249053443,0.01814648187496789,-0.30141007623379523
2024-03-31,0.3072454362877304,0.31440911032445384,0.1913526701336504,0.18699278325416538,SUMMER,0.021615355191910934,-0.36291097845274717,0.3724326532747465,0.017286106556259246,-0.36291097845274717
2024-04-30,0.30663761648156934,0.32398611196916677,0.18976891714321514,0.17960735440604875,SUMMER,0.025177006918123634,-0.4385587653121593,0.40117015813875917,0.04127550191810102,-0.4385587653121593
2024-05-31,0.28193112847679497,0.3246075588197725,0.21057274479218066,0.18288856791125188,SUMMER,0.01828854995980078,-0.3833275732746455,0.3245893252448834,0.10571559414455242,-0.3833275732746455
2024-06-30,0.25823333646147206,0.32022085114313037,0.23335946343489233,0.18818634896050523,SUMMER,0.013066399745226387,-0.28382906417837483,0.23732316848282575,0.16136050236144503,-0.28382906417837483
2024-07-31,0.3196381032617347,0.26752341022644,0.18809809098053218,0.22474039553129313,SPRING,0.013861598116215013,-0.212968205645218,0.2641826175577947,-0.1334867633503433,-0.212968205645218
2024-08-31,0.31458030906869267,0.19006002686798207,0.18656469639201495,0.30879496767131026,SPRING,0.02221944142711929,-0.09787191886011404,0.013921407506853617,-0.37792458385761873,-0.09787191886011404
2024-09-30,0.32243860887743253,0.16410200371236155,0.17318125582658492,0.34027813158362086,WINTER,0.039163775860992955,0.06835415203725531,-0.04038791942032271,-0.5065684122829376,0.06835415203725531
2024-10-31,0.31556342200524296,0.20640525525655234,0.18903083937528903,0.28900048336291567,SPRING,0.016587403749939722,0.07790633664816154,0.06594849131332012,-0.3183886407004458,0.07790633664816154
2024-11-30,0.31251262663712776,0.24391056469662978,0.19444385419804514,0.2491329544681974,SPRING,0.01009920028482958,0.07807981430350265,0.16999362446197053,-0.18588244021940928,0.07807981430350265
2024-12-31,0.26447373491417325,0.2705250966859635,0.23513039395659652,0.22987077444326676,SUMMER,0.001814774341983183,-0.002424044648939758,0.10516848352242451,0.016967195537072138,-0.002424044648939758
2025-01-31,0.24288273093652893,0.31050892845275113,0.2505926407241805,0.1960156998865394,SUMMER,0.009520144906857375,0.056984105131815024,0.16078798547554457,0.1842254384421572,0.056984105131815024
2025-02-28,0.21473705720565642,0.312182854682507,0.28028451585931174,0.19279557225252483,SUMMER,0.013452645732306312,0.07656336855925587,0.08083790513005659,0.2806310991840143,0.07656336855925587
2025-03-31,0.18654591378118354,0.27478008581217017,0.32085095612862946,0.21782304427801683,FALL,0.015435479796919283,0.14232502579577824,-0.116254210791464,0.2904702708829605,0.14232502579577824
2025-04-30,0.24672261247029872,0.16114104670697757,0.23394452436847404,0.35819181645424963,WINTER,0.028315887406552998,0.13053121010201507,-0.2796029729530118,-0.31948847337006714,0.13053121010201507
2025-05-31,0.27760336008880404,0.15380425208104218,0.20271298994780054,0.36587939788235324,WINTER,0.036932106484018234,0.22883410342449642,-0.2070828243685276,-0.4428844718366213,0.22883410342449642
2025-06-30,0.33497053474888133,0.16334077452524293,0.1644478417178376,0.33724084900803813,WINTER,0.04367859401239149,0.2584394357775703,-0.005066091440156886,-0.5386529341999473,0.2584394357775703
2025-07-31,0.2871471293306675,0.2321426507784468,0.21489609265622756,0.2658141272346582,SPRING,0.004591162452137643,0.29672679329932083,0.05789807656451798,-0.15948200504954074,0.29672679329932083
2025-08-31,0.2958371470195348,0.2752824334523457,0.2067224616081546,0.22215795791996493,SPRING,0.007789231070010616,0.18962324690395524,0.21481535468220647,-0.05400864192365694,0.18962324690395524
2025-09-30,0.3367140780054692,0.3168927326858562,0.1679442174534425,0.17844897185523206,SPRING,0.03492897604799372,-0.04389140790565861,0.4761985864649749,-0.04550310231939021,-0.04389140790565861
2025-10-31,0.40715837124142873,0.3849293144080719,0.10103874365160535,0.10687357069889404,SPRING,0.1315474932163022,-0.15346999857645965,1.0031667560212687,-0.042106882345170175,-0.15346999857645965
2025-11-30,0.4419903977357066,0.26328940658707084,0.11002258246085905,0.18469761321636347,SPRING,0.08603897561790441,-0.14045391493996223,0.6544261444715442,-0.38852574360912084,-0.14045391493996223
2025-12-31,0.38413313619880635,0.20441688402230745,0.14290598913893987,0.26854399063994633,SPRING,0.04554501237832731,0.019506812714976892,0.26848084673269623,-0.4731208076866316,0.019506812714976892
2026-01-31,0.3185709733647387,0.20083610632436166,0.18582806168154115,0.2947648586293584,SPRING,0.019236984132211865,0.16167382036114816,0.05825050304606491,-0.3460170768542405,0.16167382036114816
2026-02-28,0.2769952631435448,0.19975441831502094,0.21923782454058666,0.30401249400084757,WINTER,0.010289363880863323,0.16207683403394235,-0.06980129532929284,-0.24518377638780708,0.16207683403394235
2026-03-31,0.17336854400343182,0.22772519719327072,0.34003533807170305,0.25887092073159435,FALL,0.02085114808149091,0.03830143455355145,-0.3006824408674509,0.20453998934911605,0.03830143455355145
2026-04-30,0.13322325648643274,0.2990643396804366,0.39275365910617077,0.17495874472695996,FALL,0.06110321503324512,-0.07488382068144579,-0.20439289545133374,0.606474294005704,-0.07488382068144579
2026-05-31,0.13167108071377823,0.3981957929846294,0.3533057874128584,0.11682733888873394,SUMMER,0.09684294897973666,0.0520883817088299,0.08970741843474611,0.8299776198101017,0.0520883817088299
2026-06-30,0.1860126403230572,0.3879406594994774,0.2879691394674908,0.13807756070997457,SUMMER,0.05353222082621234,0.06460060094922243,0.22349930154359854,0.5512783187717122,0.06460060094922243
2026-07-31,0.25463286416793013,0.30732541925435325,0.2395575582199972,0.19848415835771943,SUMMER,0.008728247193550365,0.16108814200988994,0.1868351018875628,0.1410633182953708,0.16108814200988994
